[2026-02-12 13:59:03] ERROR_NOTIFICATION: === Error Notification Check ===
[2026-02-12 13:59:03] ERROR_NOTIFICATION: Received status: 'Error' (length: 5)
[2026-02-12 13:59:03] ERROR_NOTIFICATION: Status (lowercase, trimmed): 'error'
[2026-02-12 13:59:03] ERROR_NOTIFICATION: Status is ERROR or FAILED - proceeding with notification
[2026-02-12 13:59:03] ERROR_NOTIFICATION: Attempting to send error notification for status: 'Error', source: 'VEEAM', subject: '[Error] VeeamErrorTest (1 objects)'
[2026-02-12 14:10:06] ERROR_NOTIFICATION: === Error Notification Check ===
[2026-02-12 14:10:06] ERROR_NOTIFICATION: === Error Notification Check ===
[2026-02-12 14:10:06] ERROR_NOTIFICATION: Received status: 'Error' (length: 5)
[2026-02-12 14:10:06] ERROR_NOTIFICATION: Received status: 'Error' (length: 5)
[2026-02-12 14:10:06] ERROR_NOTIFICATION: Status (lowercase, trimmed): 'error'
[2026-02-12 14:10:06] ERROR_NOTIFICATION: Status (lowercase, trimmed): 'error'
[2026-02-12 14:10:06] ERROR_NOTIFICATION: Status is ERROR or FAILED - proceeding with notification
[2026-02-12 14:10:06] ERROR_NOTIFICATION: Status is ERROR or FAILED - proceeding with notification
[2026-02-12 14:10:06] ERROR_NOTIFICATION: Attempting to send error notification for status: 'Error', source: 'NAS', subject: 'Test Error Email Subject'
[2026-02-12 14:10:06] ERROR_NOTIFICATION: Attempting to send error notification for status: 'Error', source: 'NAS', subject: 'Test Error Email Subject'
[2026-02-12 14:10:06] ERROR_NOTIFICATION: Loading PHPMailer library...
[2026-02-12 14:10:06] ERROR_NOTIFICATION: Loading PHPMailer library...
[2026-02-12 14:10:06] ERROR_NOTIFICATION: Base directory: /var/www/html/erp
[2026-02-12 14:10:06] ERROR_NOTIFICATION: Base directory: /var/www/html/erp
[2026-02-12 14:10:06] ERROR_NOTIFICATION: Current __DIR__: /var/www/html/erp/modules/backup_monitoring/cron
[2026-02-12 14:10:06] ERROR_NOTIFICATION: Current __DIR__: /var/www/html/erp/modules/backup_monitoring/cron
[2026-02-12 14:10:06] ERROR_NOTIFICATION: Found vendor/autoload.php at: /var/www/html/erp/vendor/autoload.php
[2026-02-12 14:10:06] ERROR_NOTIFICATION: Found vendor/autoload.php at: /var/www/html/erp/vendor/autoload.php
[2026-02-12 14:10:06] ERROR_NOTIFICATION: PHPMailer class loaded successfully
[2026-02-12 14:10:06] ERROR_NOTIFICATION: PHPMailer class loaded successfully
[2026-02-12 14:10:06] ERROR_NOTIFICATION: PHPMailer loaded successfully, creating PHPMailer instance...
[2026-02-12 14:10:06] ERROR_NOTIFICATION: PHPMailer loaded successfully, creating PHPMailer instance...
[2026-02-12 14:10:06] ERROR_NOTIFICATION: PHPMailer instance created successfully
[2026-02-12 14:10:06] ERROR_NOTIFICATION: PHPMailer instance created successfully
[2026-02-12 14:10:06] ERROR_NOTIFICATION: Configuring SMTP settings...
[2026-02-12 14:10:06] ERROR_NOTIFICATION: Configuring SMTP settings...
[2026-02-12 14:10:06] ERROR_NOTIFICATION: SMTP configured: Host=mail-eu.smtp2go.com, Port=2525, Username=sterp
[2026-02-12 14:10:06] ERROR_NOTIFICATION: SMTP configured: Host=mail-eu.smtp2go.com, Port=2525, Username=sterp
[2026-02-12 14:10:06] ERROR_NOTIFICATION: Setting email from/to addresses...
[2026-02-12 14:10:06] ERROR_NOTIFICATION: Setting email from/to addresses...
[2026-02-12 14:10:06] ERROR_NOTIFICATION: Email addresses set: From=support@sautech.net, To=malikrohail252@gmail.com
[2026-02-12 14:10:06] ERROR_NOTIFICATION: Email addresses set: From=support@sautech.net, To=malikrohail252@gmail.com
[2026-02-12 14:10:06] ERROR_NOTIFICATION: Email prepared - Subject: 'Test Error Email Subject', Recipient: malikrohail252@gmail.com
[2026-02-12 14:10:06] ERROR_NOTIFICATION: Email prepared - Subject: 'Test Error Email Subject', Recipient: malikrohail252@gmail.com
[2026-02-12 14:10:06] ERROR_NOTIFICATION: Email body length: 49 characters
[2026-02-12 14:10:06] ERROR_NOTIFICATION: Email body length: 49 characters
[2026-02-12 14:10:06] ERROR_NOTIFICATION: SMTP Host: mail-eu.smtp2go.com, Port: 2525, Username: sterp
[2026-02-12 14:10:06] ERROR_NOTIFICATION: SMTP Host: mail-eu.smtp2go.com, Port: 2525, Username: sterp
[2026-02-12 14:10:06] ERROR_NOTIFICATION: Attempting to send email via SMTP...
[2026-02-12 14:10:06] ERROR_NOTIFICATION: Attempting to send email via SMTP...
[2026-02-12 14:10:08] ERROR_NOTIFICATION: SUCCESS: Error notification sent successfully to malikrohail252@gmail.com
[2026-02-12 14:10:08] ERROR_NOTIFICATION: SUCCESS: Error notification sent successfully to malikrohail252@gmail.com
[2026-02-12 14:10:08] ERROR_NOTIFICATION: Email sent with subject: 'Test Error Email Subject'
[2026-02-12 14:10:08] ERROR_NOTIFICATION: Email sent with subject: 'Test Error Email Subject'
[2026-02-12 14:10:08] ERROR_NOTIFICATION: === Error Notification Sent Successfully ===
[2026-02-12 14:10:08] ERROR_NOTIFICATION: === Error Notification Sent Successfully ===
[2026-02-12 14:19:02] ERROR_NOTIFICATION: === Error Notification Check ===
[2026-02-12 14:19:02] ERROR_NOTIFICATION: Received status: 'Error' (length: 5)
[2026-02-12 14:19:02] ERROR_NOTIFICATION: Status (lowercase, trimmed): 'error'
[2026-02-12 14:19:02] ERROR_NOTIFICATION: Status is ERROR or FAILED - proceeding with notification
[2026-02-12 14:19:02] ERROR_NOTIFICATION: Attempting to send error notification for status: 'Error', source: 'CLIENT', subject: '[Error] ErrorTest (1 objects)'
[2026-02-12 14:19:02] ERROR_NOTIFICATION: Loading PHPMailer library...
[2026-02-12 14:19:02] ERROR_NOTIFICATION: Base directory: /var/www/html/erp
[2026-02-12 14:19:02] ERROR_NOTIFICATION: Current __DIR__: /var/www/html/erp/modules/backup_monitoring/cron
[2026-02-12 14:19:02] ERROR_NOTIFICATION: Found vendor/autoload.php at: /var/www/html/erp/vendor/autoload.php
[2026-02-12 14:19:02] ERROR_NOTIFICATION: ERROR loading autoload.php: Composer detected issues in your platform: Your Composer dependencies require a PHP version ">= 8.0.0". You are running 7.4.3-4ubuntu2.29.
[2026-02-12 14:19:02] ERROR_NOTIFICATION: Path not found: /var/www/html/erp/modules/backup_monitoring/cron/../../vendor/autoload.php
[2026-02-12 14:19:02] ERROR_NOTIFICATION: Found vendor/autoload.php at: /var/www/html/erp/modules/backup_monitoring/cron/../../../vendor/autoload.php
[2026-02-12 14:19:02] ERROR_NOTIFICATION: WARNING: autoload.php loaded but PHPMailer class not found
[2026-02-12 14:19:02] ERROR_NOTIFICATION: Path not found: /var/www/html/vendor/autoload.php
[2026-02-12 14:19:02] ERROR_NOTIFICATION: ERROR: PHPMailer not loaded
[2026-02-12 14:19:02] ERROR_NOTIFICATION: Tried paths: /var/www/html/erp/vendor/autoload.php, /var/www/html/erp/modules/backup_monitoring/cron/../../vendor/autoload.php, /var/www/html/erp/modules/backup_monitoring/cron/../../../vendor/autoload.php, /var/www/html/vendor/autoload.php
[2026-02-12 14:25:16] ERROR_NOTIFICATION: === Error Notification Check ===
[2026-02-12 14:25:16] ERROR_NOTIFICATION: === Error Notification Check ===
[2026-02-12 14:25:16] ERROR_NOTIFICATION: Received status: 'Error' (length: 5)
[2026-02-12 14:25:16] ERROR_NOTIFICATION: Received status: 'Error' (length: 5)
[2026-02-12 14:25:16] ERROR_NOTIFICATION: Status (lowercase, trimmed): 'error'
[2026-02-12 14:25:16] ERROR_NOTIFICATION: Status (lowercase, trimmed): 'error'
[2026-02-12 14:25:16] ERROR_NOTIFICATION: Status is ERROR or FAILED - proceeding with notification
[2026-02-12 14:25:16] ERROR_NOTIFICATION: Status is ERROR or FAILED - proceeding with notification
[2026-02-12 14:25:16] ERROR_NOTIFICATION: Attempting to send error notification for status: 'Error', source: 'NAS', subject: 'Test Error Email Subject - Direct Load'
[2026-02-12 14:25:16] ERROR_NOTIFICATION: Attempting to send error notification for status: 'Error', source: 'NAS', subject: 'Test Error Email Subject - Direct Load'
[2026-02-12 14:25:16] ERROR_NOTIFICATION: Loading PHPMailer library...
[2026-02-12 14:25:16] ERROR_NOTIFICATION: Loading PHPMailer library...
[2026-02-12 14:25:16] ERROR_NOTIFICATION: Base directory: /var/www/html/erp
[2026-02-12 14:25:16] ERROR_NOTIFICATION: Base directory: /var/www/html/erp
[2026-02-12 14:25:16] ERROR_NOTIFICATION: Current __DIR__: /var/www/html/erp/modules/backup_monitoring/cron
[2026-02-12 14:25:16] ERROR_NOTIFICATION: Current __DIR__: /var/www/html/erp/modules/backup_monitoring/cron
[2026-02-12 14:25:16] ERROR_NOTIFICATION: Attempting to load PHPMailer directly...
[2026-02-12 14:25:16] ERROR_NOTIFICATION: Attempting to load PHPMailer directly...
[2026-02-12 14:25:16] ERROR_NOTIFICATION: Found PHPMailer.php at: /var/www/html/erp/vendor/phpmailer/phpmailer/src/PHPMailer.php
[2026-02-12 14:25:16] ERROR_NOTIFICATION: Found PHPMailer.php at: /var/www/html/erp/vendor/phpmailer/phpmailer/src/PHPMailer.php
[2026-02-12 14:25:16] ERROR_NOTIFICATION: PHPMailer class loaded successfully via direct require
[2026-02-12 14:25:16] ERROR_NOTIFICATION: PHPMailer class loaded successfully via direct require
[2026-02-12 14:25:16] ERROR_NOTIFICATION: PHPMailer loaded successfully, creating PHPMailer instance...
[2026-02-12 14:25:16] ERROR_NOTIFICATION: PHPMailer loaded successfully, creating PHPMailer instance...
[2026-02-12 14:25:16] ERROR_NOTIFICATION: PHPMailer instance created successfully
[2026-02-12 14:25:16] ERROR_NOTIFICATION: PHPMailer instance created successfully
[2026-02-12 14:25:16] ERROR_NOTIFICATION: Configuring SMTP settings...
[2026-02-12 14:25:16] ERROR_NOTIFICATION: Configuring SMTP settings...
[2026-02-12 14:25:16] ERROR_NOTIFICATION: SMTP configured: Host=mail-eu.smtp2go.com, Port=2525, Username=sterp
[2026-02-12 14:25:16] ERROR_NOTIFICATION: SMTP configured: Host=mail-eu.smtp2go.com, Port=2525, Username=sterp
[2026-02-12 14:25:16] ERROR_NOTIFICATION: Setting email from/to addresses...
[2026-02-12 14:25:16] ERROR_NOTIFICATION: Setting email from/to addresses...
[2026-02-12 14:25:16] ERROR_NOTIFICATION: Email addresses set: From=support@sautech.net, To=malikrohail252@gmail.com
[2026-02-12 14:25:16] ERROR_NOTIFICATION: Email addresses set: From=support@sautech.net, To=malikrohail252@gmail.com
[2026-02-12 14:25:16] ERROR_NOTIFICATION: Email prepared - Subject: 'Test Error Email Subject - Direct Load', Recipient: malikrohail252@gmail.com
[2026-02-12 14:25:16] ERROR_NOTIFICATION: Email prepared - Subject: 'Test Error Email Subject - Direct Load', Recipient: malikrohail252@gmail.com
[2026-02-12 14:25:16] ERROR_NOTIFICATION: Email body length: 80 characters
[2026-02-12 14:25:16] ERROR_NOTIFICATION: Email body length: 80 characters
[2026-02-12 14:25:16] ERROR_NOTIFICATION: SMTP Host: mail-eu.smtp2go.com, Port: 2525, Username: sterp
[2026-02-12 14:25:16] ERROR_NOTIFICATION: SMTP Host: mail-eu.smtp2go.com, Port: 2525, Username: sterp
[2026-02-12 14:25:16] ERROR_NOTIFICATION: Attempting to send email via SMTP...
[2026-02-12 14:25:16] ERROR_NOTIFICATION: Attempting to send email via SMTP...
[2026-02-12 14:25:19] ERROR_NOTIFICATION: SUCCESS: Error notification sent successfully to malikrohail252@gmail.com
[2026-02-12 14:25:19] ERROR_NOTIFICATION: SUCCESS: Error notification sent successfully to malikrohail252@gmail.com
[2026-02-12 14:25:19] ERROR_NOTIFICATION: Email sent with subject: 'Test Error Email Subject - Direct Load'
[2026-02-12 14:25:19] ERROR_NOTIFICATION: Email sent with subject: 'Test Error Email Subject - Direct Load'
[2026-02-12 14:25:19] ERROR_NOTIFICATION: === Error Notification Sent Successfully ===
[2026-02-12 14:25:19] ERROR_NOTIFICATION: === Error Notification Sent Successfully ===
[2026-02-12 14:29:04] ERROR_NOTIFICATION: === Error Notification Check ===
[2026-02-12 14:29:04] ERROR_NOTIFICATION: Received status: 'Error' (length: 5)
[2026-02-12 14:29:04] ERROR_NOTIFICATION: Status (lowercase, trimmed): 'error'
[2026-02-12 14:29:04] ERROR_NOTIFICATION: Status is ERROR or FAILED - proceeding with notification
[2026-02-12 14:29:04] ERROR_NOTIFICATION: Attempting to send error notification for status: 'Error', source: 'VEEAM', subject: '[Error] ErrorTest (1 objects)'
[2026-02-12 14:29:04] ERROR_NOTIFICATION: Loading PHPMailer library...
[2026-02-12 14:29:04] ERROR_NOTIFICATION: Base directory: /var/www/html/erp
[2026-02-12 14:29:04] ERROR_NOTIFICATION: Current __DIR__: /var/www/html/erp/modules/backup_monitoring/cron
[2026-02-12 14:29:04] ERROR_NOTIFICATION: Attempting to load PHPMailer directly...
[2026-02-12 14:29:04] ERROR_NOTIFICATION: Found PHPMailer.php at: /var/www/html/erp/vendor/phpmailer/phpmailer/src/PHPMailer.php
[2026-02-12 14:29:04] ERROR_NOTIFICATION: PHPMailer class loaded successfully via direct require
[2026-02-12 14:29:04] ERROR_NOTIFICATION: PHPMailer loaded successfully, creating PHPMailer instance...
[2026-02-12 14:29:04] ERROR_NOTIFICATION: PHPMailer instance created successfully
[2026-02-12 14:29:04] ERROR_NOTIFICATION: Configuring SMTP settings...
[2026-02-12 14:29:04] ERROR_NOTIFICATION: SMTP configured: Host=mail-eu.smtp2go.com, Port=2525, Username=sterp
[2026-02-12 14:29:04] ERROR_NOTIFICATION: Setting email from/to addresses...
[2026-02-12 14:29:04] ERROR_NOTIFICATION: Email addresses set: From=support@sautech.net, To=malikrohail252@gmail.com
[2026-02-12 14:29:04] ERROR_NOTIFICATION: Email prepared - Subject: '[Error] ErrorTest (1 objects)', Recipient: malikrohail252@gmail.com
[2026-02-12 14:29:04] ERROR_NOTIFICATION: Email body length: 1399 characters
[2026-02-12 14:29:04] ERROR_NOTIFICATION: SMTP Host: mail-eu.smtp2go.com, Port: 2525, Username: sterp
[2026-02-12 14:29:04] ERROR_NOTIFICATION: Attempting to send email via SMTP...
[2026-02-12 14:29:06] ERROR_NOTIFICATION: SUCCESS: Error notification sent successfully to malikrohail252@gmail.com
[2026-02-12 14:29:06] ERROR_NOTIFICATION: Email sent with subject: '[Error] ErrorTest (1 objects)'
[2026-02-12 14:29:06] ERROR_NOTIFICATION: === Error Notification Sent Successfully ===
[2026-02-12 16:42:04] ERROR_NOTIFICATION: === Error Notification Check ===
[2026-02-12 16:42:04] ERROR_NOTIFICATION: Received status: 'Error' (length: 5)
[2026-02-12 16:42:04] ERROR_NOTIFICATION: Status (lowercase, trimmed): 'error'
[2026-02-12 16:42:04] ERROR_NOTIFICATION: Status is ERROR or FAILED - proceeding with notification
[2026-02-12 16:42:04] ERROR_NOTIFICATION: Attempting to send error notification for status: 'Error', source: 'VEEAM', subject: '[Failed] Eroute (5 objects) 2 failed'
[2026-02-12 16:42:04] ERROR_NOTIFICATION: Loading PHPMailer library...
[2026-02-12 16:42:04] ERROR_NOTIFICATION: Base directory: /var/www/html/erp
[2026-02-12 16:42:04] ERROR_NOTIFICATION: Current __DIR__: /var/www/html/erp/modules/backup_monitoring/cron
[2026-02-12 16:42:04] ERROR_NOTIFICATION: Attempting to load PHPMailer directly...
[2026-02-12 16:42:04] ERROR_NOTIFICATION: Found PHPMailer.php at: /var/www/html/erp/vendor/phpmailer/phpmailer/src/PHPMailer.php
[2026-02-12 16:42:04] ERROR_NOTIFICATION: PHPMailer class loaded successfully via direct require
[2026-02-12 16:42:04] ERROR_NOTIFICATION: PHPMailer loaded successfully, creating PHPMailer instance...
[2026-02-12 16:42:04] ERROR_NOTIFICATION: PHPMailer instance created successfully
[2026-02-12 16:42:04] ERROR_NOTIFICATION: Configuring SMTP settings...
[2026-02-12 16:42:04] ERROR_NOTIFICATION: SMTP configured: Host=mail-eu.smtp2go.com, Port=2525, Username=sterp
[2026-02-12 16:42:04] ERROR_NOTIFICATION: Setting email from/to addresses...
[2026-02-12 16:42:04] ERROR_NOTIFICATION: Email addresses set: From=support@sautech.net, To=Helpdesk@sautech.net
[2026-02-12 16:42:04] ERROR_NOTIFICATION: Email prepared - Subject: '[Failed] Eroute (5 objects) 2 failed', Recipient: Helpdesk@sautech.net
[2026-02-12 16:42:04] ERROR_NOTIFICATION: Email body length: 49505 characters
[2026-02-12 16:42:04] ERROR_NOTIFICATION: SMTP Host: mail-eu.smtp2go.com, Port: 2525, Username: sterp
[2026-02-12 16:42:04] ERROR_NOTIFICATION: Attempting to send email via SMTP...
[2026-02-12 16:42:06] ERROR_NOTIFICATION: SUCCESS: Error notification sent successfully to Helpdesk@sautech.net
[2026-02-12 16:42:06] ERROR_NOTIFICATION: Email sent with subject: '[Failed] Eroute (5 objects) 2 failed'
[2026-02-12 16:42:06] ERROR_NOTIFICATION: === Error Notification Sent Successfully ===
[2026-02-13 08:11:02] ERROR_NOTIFICATION: === Error Notification Check ===
[2026-02-13 08:11:02] ERROR_NOTIFICATION: Received status: 'Error' (length: 5)
[2026-02-13 08:11:02] ERROR_NOTIFICATION: Status (lowercase, trimmed): 'error'
[2026-02-13 08:11:02] ERROR_NOTIFICATION: Status is ERROR or FAILED - proceeding with notification
[2026-02-13 08:11:02] ERROR_NOTIFICATION: Attempting to send error notification for status: 'Error', source: 'CLIENT', subject: 'RCC-Carmen-DailyBackup'
[2026-02-13 08:11:02] ERROR_NOTIFICATION: Loading PHPMailer library...
[2026-02-13 08:11:02] ERROR_NOTIFICATION: Base directory: /var/www/html/erp
[2026-02-13 08:11:02] ERROR_NOTIFICATION: Current __DIR__: /var/www/html/erp/modules/backup_monitoring/cron
[2026-02-13 08:11:02] ERROR_NOTIFICATION: Attempting to load PHPMailer directly...
[2026-02-13 08:11:02] ERROR_NOTIFICATION: Found PHPMailer.php at: /var/www/html/erp/vendor/phpmailer/phpmailer/src/PHPMailer.php
[2026-02-13 08:11:02] ERROR_NOTIFICATION: PHPMailer class loaded successfully via direct require
[2026-02-13 08:11:02] ERROR_NOTIFICATION: PHPMailer loaded successfully, creating PHPMailer instance...
[2026-02-13 08:11:02] ERROR_NOTIFICATION: PHPMailer instance created successfully
[2026-02-13 08:11:02] ERROR_NOTIFICATION: Configuring SMTP settings...
[2026-02-13 08:11:02] ERROR_NOTIFICATION: SMTP configured: Host=mail-eu.smtp2go.com, Port=2525, Username=sterp
[2026-02-13 08:11:02] ERROR_NOTIFICATION: Setting email from/to addresses...
[2026-02-13 08:11:02] ERROR_NOTIFICATION: Email addresses set: From=support@sautech.net, To=Helpdesk@sautech.net
[2026-02-13 08:11:02] ERROR_NOTIFICATION: Email prepared - Subject: 'RCC-Carmen-DailyBackup', Recipient: Helpdesk@sautech.net
[2026-02-13 08:11:02] ERROR_NOTIFICATION: Email body length: 10903 characters
[2026-02-13 08:11:02] ERROR_NOTIFICATION: SMTP Host: mail-eu.smtp2go.com, Port: 2525, Username: sterp
[2026-02-13 08:11:02] ERROR_NOTIFICATION: Attempting to send email via SMTP...
[2026-02-13 08:11:07] ERROR_NOTIFICATION: SUCCESS: Error notification sent successfully to Helpdesk@sautech.net
[2026-02-13 08:11:07] ERROR_NOTIFICATION: Email sent with subject: 'RCC-Carmen-DailyBackup'
[2026-02-13 08:11:07] ERROR_NOTIFICATION: === Error Notification Sent Successfully ===
[2026-02-13 16:47:21] ERROR_NOTIFICATION: === Error Notification Check ===
[2026-02-13 16:47:21] ERROR_NOTIFICATION: Received status: 'Error' (length: 5)
[2026-02-13 16:47:21] ERROR_NOTIFICATION: Status (lowercase, trimmed): 'error'
[2026-02-13 16:47:21] ERROR_NOTIFICATION: Status is ERROR or FAILED - proceeding with notification
[2026-02-13 16:47:21] ERROR_NOTIFICATION: Attempting to send error notification for status: 'Error', source: 'VEEAM', subject: '[Failed] Eroute (5 objects) 2 failed'
[2026-02-13 16:47:21] ERROR_NOTIFICATION: Loading PHPMailer library...
[2026-02-13 16:47:21] ERROR_NOTIFICATION: Base directory: /var/www/html/erp
[2026-02-13 16:47:21] ERROR_NOTIFICATION: Current __DIR__: /var/www/html/erp/modules/backup_monitoring/cron
[2026-02-13 16:47:21] ERROR_NOTIFICATION: Attempting to load PHPMailer directly...
[2026-02-13 16:47:21] ERROR_NOTIFICATION: Found PHPMailer.php at: /var/www/html/erp/vendor/phpmailer/phpmailer/src/PHPMailer.php
[2026-02-13 16:47:21] ERROR_NOTIFICATION: PHPMailer class loaded successfully via direct require
[2026-02-13 16:47:21] ERROR_NOTIFICATION: PHPMailer loaded successfully, creating PHPMailer instance...
[2026-02-13 16:47:21] ERROR_NOTIFICATION: PHPMailer instance created successfully
[2026-02-13 16:47:21] ERROR_NOTIFICATION: Configuring SMTP settings...
[2026-02-13 16:47:21] ERROR_NOTIFICATION: SMTP configured: Host=mail-eu.smtp2go.com, Port=2525, Username=sterp
[2026-02-13 16:47:21] ERROR_NOTIFICATION: Setting email from/to addresses...
[2026-02-13 16:47:21] ERROR_NOTIFICATION: Email addresses set: From=support@sautech.net, To=Helpdesk@sautech.net
[2026-02-13 16:47:21] ERROR_NOTIFICATION: Email prepared - Subject: '[Failed] Eroute (5 objects) 2 failed', Recipient: Helpdesk@sautech.net
[2026-02-13 16:47:21] ERROR_NOTIFICATION: Email body length: 49491 characters
[2026-02-13 16:47:21] ERROR_NOTIFICATION: SMTP Host: mail-eu.smtp2go.com, Port: 2525, Username: sterp
[2026-02-13 16:47:21] ERROR_NOTIFICATION: Attempting to send email via SMTP...
[2026-02-13 16:47:28] ERROR_NOTIFICATION: SUCCESS: Error notification sent successfully to Helpdesk@sautech.net
[2026-02-13 16:47:28] ERROR_NOTIFICATION: Email sent with subject: '[Failed] Eroute (5 objects) 2 failed'
[2026-02-13 16:47:28] ERROR_NOTIFICATION: === Error Notification Sent Successfully ===
[2026-02-14 16:44:05] ERROR_NOTIFICATION: === Error Notification Check ===
[2026-02-14 16:44:05] ERROR_NOTIFICATION: Received status: 'Error' (length: 5)
[2026-02-14 16:44:05] ERROR_NOTIFICATION: Status (lowercase, trimmed): 'error'
[2026-02-14 16:44:05] ERROR_NOTIFICATION: Status is ERROR or FAILED - proceeding with notification
[2026-02-14 16:44:05] ERROR_NOTIFICATION: Attempting to send error notification for status: 'Error', source: 'VEEAM', subject: '[Failed] Eroute (5 objects) 2 failed'
[2026-02-14 16:44:05] ERROR_NOTIFICATION: Loading PHPMailer library...
[2026-02-14 16:44:05] ERROR_NOTIFICATION: Base directory: /var/www/html/erp
[2026-02-14 16:44:05] ERROR_NOTIFICATION: Current __DIR__: /var/www/html/erp/modules/backup_monitoring/cron
[2026-02-14 16:44:05] ERROR_NOTIFICATION: Attempting to load PHPMailer directly...
[2026-02-14 16:44:05] ERROR_NOTIFICATION: Found PHPMailer.php at: /var/www/html/erp/vendor/phpmailer/phpmailer/src/PHPMailer.php
[2026-02-14 16:44:05] ERROR_NOTIFICATION: PHPMailer class loaded successfully via direct require
[2026-02-14 16:44:05] ERROR_NOTIFICATION: PHPMailer loaded successfully, creating PHPMailer instance...
[2026-02-14 16:44:05] ERROR_NOTIFICATION: PHPMailer instance created successfully
[2026-02-14 16:44:05] ERROR_NOTIFICATION: Configuring SMTP settings...
[2026-02-14 16:44:05] ERROR_NOTIFICATION: SMTP configured: Host=mail-eu.smtp2go.com, Port=2525, Username=sterp
[2026-02-14 16:44:05] ERROR_NOTIFICATION: Setting email from/to addresses...
[2026-02-14 16:44:05] ERROR_NOTIFICATION: Email addresses set: From=support@sautech.net, To=Helpdesk@sautech.net
[2026-02-14 16:44:05] ERROR_NOTIFICATION: Email prepared - Subject: '[Failed] Eroute (5 objects) 2 failed', Recipient: Helpdesk@sautech.net
[2026-02-14 16:44:05] ERROR_NOTIFICATION: Email body length: 49509 characters
[2026-02-14 16:44:05] ERROR_NOTIFICATION: SMTP Host: mail-eu.smtp2go.com, Port: 2525, Username: sterp
[2026-02-14 16:44:05] ERROR_NOTIFICATION: Attempting to send email via SMTP...
[2026-02-14 16:44:07] ERROR_NOTIFICATION: SUCCESS: Error notification sent successfully to Helpdesk@sautech.net
[2026-02-14 16:44:07] ERROR_NOTIFICATION: Email sent with subject: '[Failed] Eroute (5 objects) 2 failed'
[2026-02-14 16:44:07] ERROR_NOTIFICATION: === Error Notification Sent Successfully ===
[2026-02-15 10:47:01] ERROR_NOTIFICATION: === Error Notification Check ===
[2026-02-15 10:47:01] ERROR_NOTIFICATION: Received status: 'Error' (length: 5)
[2026-02-15 10:47:01] ERROR_NOTIFICATION: Status (lowercase, trimmed): 'error'
[2026-02-15 10:47:01] ERROR_NOTIFICATION: Status is ERROR or FAILED - proceeding with notification
[2026-02-15 10:47:01] ERROR_NOTIFICATION: Attempting to send error notification for status: 'Error', source: 'CLIENT', subject: 'RCC-Carmen-DailyBackup'
[2026-02-15 10:47:01] ERROR_NOTIFICATION: Loading PHPMailer library...
[2026-02-15 10:47:01] ERROR_NOTIFICATION: Base directory: /var/www/html/erp
[2026-02-15 10:47:01] ERROR_NOTIFICATION: Current __DIR__: /var/www/html/erp/modules/backup_monitoring/cron
[2026-02-15 10:47:01] ERROR_NOTIFICATION: Attempting to load PHPMailer directly...
[2026-02-15 10:47:01] ERROR_NOTIFICATION: Found PHPMailer.php at: /var/www/html/erp/vendor/phpmailer/phpmailer/src/PHPMailer.php
[2026-02-15 10:47:01] ERROR_NOTIFICATION: PHPMailer class loaded successfully via direct require
[2026-02-15 10:47:01] ERROR_NOTIFICATION: PHPMailer loaded successfully, creating PHPMailer instance...
[2026-02-15 10:47:01] ERROR_NOTIFICATION: PHPMailer instance created successfully
[2026-02-15 10:47:01] ERROR_NOTIFICATION: Configuring SMTP settings...
[2026-02-15 10:47:01] ERROR_NOTIFICATION: SMTP configured: Host=mail-eu.smtp2go.com, Port=2525, Username=sterp
[2026-02-15 10:47:01] ERROR_NOTIFICATION: Setting email from/to addresses...
[2026-02-15 10:47:01] ERROR_NOTIFICATION: Email addresses set: From=support@sautech.net, To=Helpdesk@sautech.net
[2026-02-15 10:47:01] ERROR_NOTIFICATION: Email prepared - Subject: 'RCC-Carmen-DailyBackup', Recipient: Helpdesk@sautech.net
[2026-02-15 10:47:01] ERROR_NOTIFICATION: Email body length: 10903 characters
[2026-02-15 10:47:01] ERROR_NOTIFICATION: SMTP Host: mail-eu.smtp2go.com, Port: 2525, Username: sterp
[2026-02-15 10:47:01] ERROR_NOTIFICATION: Attempting to send email via SMTP...
[2026-02-15 10:47:04] ERROR_NOTIFICATION: SUCCESS: Error notification sent successfully to Helpdesk@sautech.net
[2026-02-15 10:47:04] ERROR_NOTIFICATION: Email sent with subject: 'RCC-Carmen-DailyBackup'
[2026-02-15 10:47:04] ERROR_NOTIFICATION: === Error Notification Sent Successfully ===
[2026-02-15 16:44:04] ERROR_NOTIFICATION: === Error Notification Check ===
[2026-02-15 16:44:04] ERROR_NOTIFICATION: Received status: 'Error' (length: 5)
[2026-02-15 16:44:04] ERROR_NOTIFICATION: Status (lowercase, trimmed): 'error'
[2026-02-15 16:44:04] ERROR_NOTIFICATION: Status is ERROR or FAILED - proceeding with notification
[2026-02-15 16:44:04] ERROR_NOTIFICATION: Attempting to send error notification for status: 'Error', source: 'VEEAM', subject: '[Failed] Eroute (5 objects) 2 failed'
[2026-02-15 16:44:04] ERROR_NOTIFICATION: Loading PHPMailer library...
[2026-02-15 16:44:04] ERROR_NOTIFICATION: Base directory: /var/www/html/erp
[2026-02-15 16:44:04] ERROR_NOTIFICATION: Current __DIR__: /var/www/html/erp/modules/backup_monitoring/cron
[2026-02-15 16:44:04] ERROR_NOTIFICATION: Attempting to load PHPMailer directly...
[2026-02-15 16:44:04] ERROR_NOTIFICATION: Found PHPMailer.php at: /var/www/html/erp/vendor/phpmailer/phpmailer/src/PHPMailer.php
[2026-02-15 16:44:04] ERROR_NOTIFICATION: PHPMailer class loaded successfully via direct require
[2026-02-15 16:44:04] ERROR_NOTIFICATION: PHPMailer loaded successfully, creating PHPMailer instance...
[2026-02-15 16:44:04] ERROR_NOTIFICATION: PHPMailer instance created successfully
[2026-02-15 16:44:04] ERROR_NOTIFICATION: Configuring SMTP settings...
[2026-02-15 16:44:04] ERROR_NOTIFICATION: SMTP configured: Host=mail-eu.smtp2go.com, Port=2525, Username=sterp
[2026-02-15 16:44:04] ERROR_NOTIFICATION: Setting email from/to addresses...
[2026-02-15 16:44:04] ERROR_NOTIFICATION: Email addresses set: From=support@sautech.net, To=Helpdesk@sautech.net
[2026-02-15 16:44:04] ERROR_NOTIFICATION: Email prepared - Subject: '[Failed] Eroute (5 objects) 2 failed', Recipient: Helpdesk@sautech.net
[2026-02-15 16:44:04] ERROR_NOTIFICATION: Email body length: 49491 characters
[2026-02-15 16:44:04] ERROR_NOTIFICATION: SMTP Host: mail-eu.smtp2go.com, Port: 2525, Username: sterp
[2026-02-15 16:44:04] ERROR_NOTIFICATION: Attempting to send email via SMTP...
[2026-02-15 16:44:06] ERROR_NOTIFICATION: SUCCESS: Error notification sent successfully to Helpdesk@sautech.net
[2026-02-15 16:44:06] ERROR_NOTIFICATION: Email sent with subject: '[Failed] Eroute (5 objects) 2 failed'
[2026-02-15 16:44:06] ERROR_NOTIFICATION: === Error Notification Sent Successfully ===
[2026-02-15 17:34:02] ERROR_NOTIFICATION: === Error Notification Check ===
[2026-02-15 17:34:02] ERROR_NOTIFICATION: Received status: 'Error' (length: 5)
[2026-02-15 17:34:02] ERROR_NOTIFICATION: Status (lowercase, trimmed): 'error'
[2026-02-15 17:34:02] ERROR_NOTIFICATION: Status is ERROR or FAILED - proceeding with notification
[2026-02-15 17:34:02] ERROR_NOTIFICATION: Attempting to send error notification for status: 'Error', source: 'CLIENT', subject: '[Failed] RCC-Megan-HP2026 - Job RCC-Megan-HP2026 - Sunday, 15 February 2026 19:32:18'
[2026-02-15 17:34:02] ERROR_NOTIFICATION: Loading PHPMailer library...
[2026-02-15 17:34:02] ERROR_NOTIFICATION: Base directory: /var/www/html/erp
[2026-02-15 17:34:02] ERROR_NOTIFICATION: Current __DIR__: /var/www/html/erp/modules/backup_monitoring/cron
[2026-02-15 17:34:02] ERROR_NOTIFICATION: Attempting to load PHPMailer directly...
[2026-02-15 17:34:02] ERROR_NOTIFICATION: Found PHPMailer.php at: /var/www/html/erp/vendor/phpmailer/phpmailer/src/PHPMailer.php
[2026-02-15 17:34:02] ERROR_NOTIFICATION: PHPMailer class loaded successfully via direct require
[2026-02-15 17:34:02] ERROR_NOTIFICATION: PHPMailer loaded successfully, creating PHPMailer instance...
[2026-02-15 17:34:02] ERROR_NOTIFICATION: PHPMailer instance created successfully
[2026-02-15 17:34:02] ERROR_NOTIFICATION: Configuring SMTP settings...
[2026-02-15 17:34:02] ERROR_NOTIFICATION: SMTP configured: Host=mail-eu.smtp2go.com, Port=2525, Username=sterp
[2026-02-15 17:34:02] ERROR_NOTIFICATION: Setting email from/to addresses...
[2026-02-15 17:34:02] ERROR_NOTIFICATION: Email addresses set: From=support@sautech.net, To=Helpdesk@sautech.net
[2026-02-15 17:34:02] ERROR_NOTIFICATION: Email prepared - Subject: '[Failed] RCC-Megan-HP2026 - Job RCC-Megan-HP2026 - Sunday, 15 February 2026 19:32:18', Recipient: Helpdesk@sautech.net
[2026-02-15 17:34:02] ERROR_NOTIFICATION: Email body length: 11411 characters
[2026-02-15 17:34:02] ERROR_NOTIFICATION: SMTP Host: mail-eu.smtp2go.com, Port: 2525, Username: sterp
[2026-02-15 17:34:02] ERROR_NOTIFICATION: Attempting to send email via SMTP...
[2026-02-15 17:34:04] ERROR_NOTIFICATION: SUCCESS: Error notification sent successfully to Helpdesk@sautech.net
[2026-02-15 17:34:04] ERROR_NOTIFICATION: Email sent with subject: '[Failed] RCC-Megan-HP2026 - Job RCC-Megan-HP2026 - Sunday, 15 February 2026 19:32:18'
[2026-02-15 17:34:04] ERROR_NOTIFICATION: === Error Notification Sent Successfully ===
[2026-02-15 17:35:01] ERROR_NOTIFICATION: === Error Notification Check ===
[2026-02-15 17:35:01] ERROR_NOTIFICATION: Received status: 'Error' (length: 5)
[2026-02-15 17:35:01] ERROR_NOTIFICATION: Status (lowercase, trimmed): 'error'
[2026-02-15 17:35:01] ERROR_NOTIFICATION: Status is ERROR or FAILED - proceeding with notification
[2026-02-15 17:35:01] ERROR_NOTIFICATION: Attempting to send error notification for status: 'Error', source: 'CLIENT', subject: '[Failed] RCC-Megan-HP2026 - Job RCC-Megan-HP2026 - Sunday, 15 February 2026 19:33:28'
[2026-02-15 17:35:01] ERROR_NOTIFICATION: Loading PHPMailer library...
[2026-02-15 17:35:01] ERROR_NOTIFICATION: Base directory: /var/www/html/erp
[2026-02-15 17:35:01] ERROR_NOTIFICATION: Current __DIR__: /var/www/html/erp/modules/backup_monitoring/cron
[2026-02-15 17:35:01] ERROR_NOTIFICATION: Attempting to load PHPMailer directly...
[2026-02-15 17:35:01] ERROR_NOTIFICATION: Found PHPMailer.php at: /var/www/html/erp/vendor/phpmailer/phpmailer/src/PHPMailer.php
[2026-02-15 17:35:01] ERROR_NOTIFICATION: PHPMailer class loaded successfully via direct require
[2026-02-15 17:35:01] ERROR_NOTIFICATION: PHPMailer loaded successfully, creating PHPMailer instance...
[2026-02-15 17:35:01] ERROR_NOTIFICATION: PHPMailer instance created successfully
[2026-02-15 17:35:01] ERROR_NOTIFICATION: Configuring SMTP settings...
[2026-02-15 17:35:01] ERROR_NOTIFICATION: SMTP configured: Host=mail-eu.smtp2go.com, Port=2525, Username=sterp
[2026-02-15 17:35:01] ERROR_NOTIFICATION: Setting email from/to addresses...
[2026-02-15 17:35:01] ERROR_NOTIFICATION: Email addresses set: From=support@sautech.net, To=Helpdesk@sautech.net
[2026-02-15 17:35:01] ERROR_NOTIFICATION: Email prepared - Subject: '[Failed] RCC-Megan-HP2026 - Job RCC-Megan-HP2026 - Sunday, 15 February 2026 19:33:28', Recipient: Helpdesk@sautech.net
[2026-02-15 17:35:01] ERROR_NOTIFICATION: Email body length: 10743 characters
[2026-02-15 17:35:01] ERROR_NOTIFICATION: SMTP Host: mail-eu.smtp2go.com, Port: 2525, Username: sterp
[2026-02-15 17:35:01] ERROR_NOTIFICATION: Attempting to send email via SMTP...
[2026-02-15 17:35:04] ERROR_NOTIFICATION: SUCCESS: Error notification sent successfully to Helpdesk@sautech.net
[2026-02-15 17:35:04] ERROR_NOTIFICATION: Email sent with subject: '[Failed] RCC-Megan-HP2026 - Job RCC-Megan-HP2026 - Sunday, 15 February 2026 19:33:28'
[2026-02-15 17:35:04] ERROR_NOTIFICATION: === Error Notification Sent Successfully ===
[2026-02-16 06:36:01] ERROR_NOTIFICATION: === Error Notification Check ===
[2026-02-16 06:36:01] ERROR_NOTIFICATION: Received status: 'Error' (length: 5)
[2026-02-16 06:36:01] ERROR_NOTIFICATION: Status (lowercase, trimmed): 'error'
[2026-02-16 06:36:01] ERROR_NOTIFICATION: Status is ERROR or FAILED - proceeding with notification
[2026-02-16 06:36:01] ERROR_NOTIFICATION: Attempting to send error notification for status: 'Error', source: 'CLIENT', subject: '[Failed] RCC-Monique - Job RCC-Reception - Monday, 16 February 2026 08:34:10'
[2026-02-16 06:36:01] ERROR_NOTIFICATION: Loading PHPMailer library...
[2026-02-16 06:36:01] ERROR_NOTIFICATION: Base directory: /var/www/html/erp
[2026-02-16 06:36:01] ERROR_NOTIFICATION: Current __DIR__: /var/www/html/erp/modules/backup_monitoring/cron
[2026-02-16 06:36:01] ERROR_NOTIFICATION: Attempting to load PHPMailer directly...
[2026-02-16 06:36:01] ERROR_NOTIFICATION: Found PHPMailer.php at: /var/www/html/erp/vendor/phpmailer/phpmailer/src/PHPMailer.php
[2026-02-16 06:36:01] ERROR_NOTIFICATION: PHPMailer class loaded successfully via direct require
[2026-02-16 06:36:01] ERROR_NOTIFICATION: PHPMailer loaded successfully, creating PHPMailer instance...
[2026-02-16 06:36:01] ERROR_NOTIFICATION: PHPMailer instance created successfully
[2026-02-16 06:36:01] ERROR_NOTIFICATION: Configuring SMTP settings...
[2026-02-16 06:36:01] ERROR_NOTIFICATION: SMTP configured: Host=mail-eu.smtp2go.com, Port=2525, Username=sterp
[2026-02-16 06:36:01] ERROR_NOTIFICATION: Setting email from/to addresses...
[2026-02-16 06:36:01] ERROR_NOTIFICATION: Email addresses set: From=support@sautech.net, To=Helpdesk@sautech.net
[2026-02-16 06:36:01] ERROR_NOTIFICATION: Email prepared - Subject: '[Failed] RCC-Monique - Job RCC-Reception - Monday, 16 February 2026 08:34:10', Recipient: Helpdesk@sautech.net
[2026-02-16 06:36:01] ERROR_NOTIFICATION: Email body length: 10595 characters
[2026-02-16 06:36:01] ERROR_NOTIFICATION: SMTP Host: mail-eu.smtp2go.com, Port: 2525, Username: sterp
[2026-02-16 06:36:01] ERROR_NOTIFICATION: Attempting to send email via SMTP...
[2026-02-16 06:36:03] ERROR_NOTIFICATION: SUCCESS: Error notification sent successfully to Helpdesk@sautech.net
[2026-02-16 06:36:03] ERROR_NOTIFICATION: Email sent with subject: '[Failed] RCC-Monique - Job RCC-Reception - Monday, 16 February 2026 08:34:10'
[2026-02-16 06:36:03] ERROR_NOTIFICATION: === Error Notification Sent Successfully ===
[2026-02-16 08:02:02] ERROR_NOTIFICATION: === Error Notification Check ===
[2026-02-16 08:02:02] ERROR_NOTIFICATION: Received status: 'Error' (length: 5)
[2026-02-16 08:02:02] ERROR_NOTIFICATION: Status (lowercase, trimmed): 'error'
[2026-02-16 08:02:02] ERROR_NOTIFICATION: Status is ERROR or FAILED - proceeding with notification
[2026-02-16 08:02:02] ERROR_NOTIFICATION: Attempting to send error notification for status: 'Error', source: 'CLIENT', subject: 'RCC-Carmen-DailyBackup'
[2026-02-16 08:02:02] ERROR_NOTIFICATION: Loading PHPMailer library...
[2026-02-16 08:02:02] ERROR_NOTIFICATION: Base directory: /var/www/html/erp
[2026-02-16 08:02:02] ERROR_NOTIFICATION: Current __DIR__: /var/www/html/erp/modules/backup_monitoring/cron
[2026-02-16 08:02:02] ERROR_NOTIFICATION: Attempting to load PHPMailer directly...
[2026-02-16 08:02:02] ERROR_NOTIFICATION: Found PHPMailer.php at: /var/www/html/erp/vendor/phpmailer/phpmailer/src/PHPMailer.php
[2026-02-16 08:02:02] ERROR_NOTIFICATION: PHPMailer class loaded successfully via direct require
[2026-02-16 08:02:02] ERROR_NOTIFICATION: PHPMailer loaded successfully, creating PHPMailer instance...
[2026-02-16 08:02:02] ERROR_NOTIFICATION: PHPMailer instance created successfully
[2026-02-16 08:02:02] ERROR_NOTIFICATION: Configuring SMTP settings...
[2026-02-16 08:02:02] ERROR_NOTIFICATION: SMTP configured: Host=mail-eu.smtp2go.com, Port=2525, Username=sterp
[2026-02-16 08:02:02] ERROR_NOTIFICATION: Setting email from/to addresses...
[2026-02-16 08:02:02] ERROR_NOTIFICATION: Email addresses set: From=support@sautech.net, To=Helpdesk@sautech.net
[2026-02-16 08:02:02] ERROR_NOTIFICATION: Email prepared - Subject: 'RCC-Carmen-DailyBackup', Recipient: Helpdesk@sautech.net
[2026-02-16 08:02:02] ERROR_NOTIFICATION: Email body length: 10903 characters
[2026-02-16 08:02:02] ERROR_NOTIFICATION: SMTP Host: mail-eu.smtp2go.com, Port: 2525, Username: sterp
[2026-02-16 08:02:02] ERROR_NOTIFICATION: Attempting to send email via SMTP...
[2026-02-16 08:02:19] ERROR_NOTIFICATION: SUCCESS: Error notification sent successfully to Helpdesk@sautech.net
[2026-02-16 08:02:19] ERROR_NOTIFICATION: Email sent with subject: 'RCC-Carmen-DailyBackup'
[2026-02-16 08:02:19] ERROR_NOTIFICATION: === Error Notification Sent Successfully ===
[2026-02-16 08:32:01] ERROR_NOTIFICATION: === Error Notification Check ===
[2026-02-16 08:32:01] ERROR_NOTIFICATION: Received status: 'Error' (length: 5)
[2026-02-16 08:32:01] ERROR_NOTIFICATION: Status (lowercase, trimmed): 'error'
[2026-02-16 08:32:01] ERROR_NOTIFICATION: Status is ERROR or FAILED - proceeding with notification
[2026-02-16 08:32:01] ERROR_NOTIFICATION: Attempting to send error notification for status: 'Error', source: 'CLIENT', subject: '[Failed] RCC-Megan-HP2026 - Job RCC-Megan-HP2026 - Monday, 16 February 2026 10:30:29'
[2026-02-16 08:32:01] ERROR_NOTIFICATION: Loading PHPMailer library...
[2026-02-16 08:32:01] ERROR_NOTIFICATION: Base directory: /var/www/html/erp
[2026-02-16 08:32:01] ERROR_NOTIFICATION: Current __DIR__: /var/www/html/erp/modules/backup_monitoring/cron
[2026-02-16 08:32:01] ERROR_NOTIFICATION: Attempting to load PHPMailer directly...
[2026-02-16 08:32:01] ERROR_NOTIFICATION: Found PHPMailer.php at: /var/www/html/erp/vendor/phpmailer/phpmailer/src/PHPMailer.php
[2026-02-16 08:32:01] ERROR_NOTIFICATION: PHPMailer class loaded successfully via direct require
[2026-02-16 08:32:01] ERROR_NOTIFICATION: PHPMailer loaded successfully, creating PHPMailer instance...
[2026-02-16 08:32:01] ERROR_NOTIFICATION: PHPMailer instance created successfully
[2026-02-16 08:32:01] ERROR_NOTIFICATION: Configuring SMTP settings...
[2026-02-16 08:32:01] ERROR_NOTIFICATION: SMTP configured: Host=mail-eu.smtp2go.com, Port=2525, Username=sterp
[2026-02-16 08:32:01] ERROR_NOTIFICATION: Setting email from/to addresses...
[2026-02-16 08:32:01] ERROR_NOTIFICATION: Email addresses set: From=support@sautech.net, To=Helpdesk@sautech.net
[2026-02-16 08:32:01] ERROR_NOTIFICATION: Email prepared - Subject: '[Failed] RCC-Megan-HP2026 - Job RCC-Megan-HP2026 - Monday, 16 February 2026 10:30:29', Recipient: Helpdesk@sautech.net
[2026-02-16 08:32:01] ERROR_NOTIFICATION: Email body length: 10666 characters
[2026-02-16 08:32:01] ERROR_NOTIFICATION: SMTP Host: mail-eu.smtp2go.com, Port: 2525, Username: sterp
[2026-02-16 08:32:01] ERROR_NOTIFICATION: Attempting to send email via SMTP...
[2026-02-16 08:32:04] ERROR_NOTIFICATION: SUCCESS: Error notification sent successfully to Helpdesk@sautech.net
[2026-02-16 08:32:04] ERROR_NOTIFICATION: Email sent with subject: '[Failed] RCC-Megan-HP2026 - Job RCC-Megan-HP2026 - Monday, 16 February 2026 10:30:29'
[2026-02-16 08:32:04] ERROR_NOTIFICATION: === Error Notification Sent Successfully ===
[2026-02-16 14:57:04] ERROR_NOTIFICATION: === Error Notification Check ===
[2026-02-16 14:57:04] ERROR_NOTIFICATION: Received status: 'Error' (length: 5)
[2026-02-16 14:57:04] ERROR_NOTIFICATION: Status (lowercase, trimmed): 'error'
[2026-02-16 14:57:04] ERROR_NOTIFICATION: Status is ERROR or FAILED - proceeding with notification
[2026-02-16 14:57:04] ERROR_NOTIFICATION: Attempting to send error notification for status: 'Error', source: 'VEEAM', subject: '[Error] VeeamErrorTest (1 objects)'
[2026-02-16 14:57:04] ERROR_NOTIFICATION: Loading PHPMailer library...
[2026-02-16 14:57:04] ERROR_NOTIFICATION: Base directory: /var/www/html/erp
[2026-02-16 14:57:04] ERROR_NOTIFICATION: Current __DIR__: /var/www/html/erp/modules/backup_monitoring/cron
[2026-02-16 14:57:04] ERROR_NOTIFICATION: Attempting to load PHPMailer directly...
[2026-02-16 14:57:04] ERROR_NOTIFICATION: Found PHPMailer.php at: /var/www/html/erp/vendor/phpmailer/phpmailer/src/PHPMailer.php
[2026-02-16 14:57:04] ERROR_NOTIFICATION: PHPMailer class loaded successfully via direct require
[2026-02-16 14:57:04] ERROR_NOTIFICATION: PHPMailer loaded successfully, creating PHPMailer instance...
[2026-02-16 14:57:04] ERROR_NOTIFICATION: PHPMailer instance created successfully
[2026-02-16 14:57:04] ERROR_NOTIFICATION: Configuring SMTP settings...
[2026-02-16 14:57:04] ERROR_NOTIFICATION: SMTP configured: Host=mail-eu.smtp2go.com, Port=2525, Username=sterp
[2026-02-16 14:57:04] ERROR_NOTIFICATION: Setting email from/to addresses...
[2026-02-16 14:57:04] ERROR_NOTIFICATION: Email addresses set: From=support@sautech.net, To=Helpdesk@sautech.net
[2026-02-16 14:57:04] ERROR_NOTIFICATION: Email prepared - Subject: '[Error] VeeamErrorTest (1 objects)', Recipient: Helpdesk@sautech.net
[2026-02-16 14:57:04] ERROR_NOTIFICATION: Email body length: 1403 characters
[2026-02-16 14:57:04] ERROR_NOTIFICATION: SMTP Host: mail-eu.smtp2go.com, Port: 2525, Username: sterp
[2026-02-16 14:57:04] ERROR_NOTIFICATION: Attempting to send email via SMTP...
[2026-02-16 14:57:11] ERROR_NOTIFICATION: SUCCESS: Error notification sent successfully to Helpdesk@sautech.net
[2026-02-16 14:57:11] ERROR_NOTIFICATION: Email sent with subject: '[Error] VeeamErrorTest (1 objects)'
[2026-02-16 14:57:11] ERROR_NOTIFICATION: === Error Notification Sent Successfully ===
[2026-02-16 16:46:04] ERROR_NOTIFICATION: === Error Notification Check ===
[2026-02-16 16:46:04] ERROR_NOTIFICATION: Received status: 'Error' (length: 5)
[2026-02-16 16:46:04] ERROR_NOTIFICATION: Status (lowercase, trimmed): 'error'
[2026-02-16 16:46:04] ERROR_NOTIFICATION: Status is ERROR or FAILED - proceeding with notification
[2026-02-16 16:46:04] ERROR_NOTIFICATION: Attempting to send error notification for status: 'Error', source: 'VEEAM', subject: '[Failed] Eroute (5 objects) 2 failed'
[2026-02-16 16:46:04] ERROR_NOTIFICATION: Loading PHPMailer library...
[2026-02-16 16:46:04] ERROR_NOTIFICATION: Base directory: /var/www/html/erp
[2026-02-16 16:46:04] ERROR_NOTIFICATION: Current __DIR__: /var/www/html/erp/modules/backup_monitoring/cron
[2026-02-16 16:46:04] ERROR_NOTIFICATION: Attempting to load PHPMailer directly...
[2026-02-16 16:46:04] ERROR_NOTIFICATION: Found PHPMailer.php at: /var/www/html/erp/vendor/phpmailer/phpmailer/src/PHPMailer.php
[2026-02-16 16:46:04] ERROR_NOTIFICATION: PHPMailer class loaded successfully via direct require
[2026-02-16 16:46:04] ERROR_NOTIFICATION: PHPMailer loaded successfully, creating PHPMailer instance...
[2026-02-16 16:46:04] ERROR_NOTIFICATION: PHPMailer instance created successfully
[2026-02-16 16:46:04] ERROR_NOTIFICATION: Configuring SMTP settings...
[2026-02-16 16:46:04] ERROR_NOTIFICATION: SMTP configured: Host=mail-eu.smtp2go.com, Port=2525, Username=sterp
[2026-02-16 16:46:04] ERROR_NOTIFICATION: Setting email from/to addresses...
[2026-02-16 16:46:04] ERROR_NOTIFICATION: Email addresses set: From=support@sautech.net, To=Helpdesk@sautech.net
[2026-02-16 16:46:04] ERROR_NOTIFICATION: Email prepared - Subject: '[Failed] Eroute (5 objects) 2 failed', Recipient: Helpdesk@sautech.net
[2026-02-16 16:46:04] ERROR_NOTIFICATION: Email body length: 49494 characters
[2026-02-16 16:46:04] ERROR_NOTIFICATION: SMTP Host: mail-eu.smtp2go.com, Port: 2525, Username: sterp
[2026-02-16 16:46:04] ERROR_NOTIFICATION: Attempting to send email via SMTP...
[2026-02-16 16:46:06] ERROR_NOTIFICATION: SUCCESS: Error notification sent successfully to Helpdesk@sautech.net
[2026-02-16 16:46:06] ERROR_NOTIFICATION: Email sent with subject: '[Failed] Eroute (5 objects) 2 failed'
[2026-02-16 16:46:06] ERROR_NOTIFICATION: === Error Notification Sent Successfully ===
[2026-02-17 06:32:02] ERROR_NOTIFICATION: === Error Notification Check ===
[2026-02-17 06:32:02] ERROR_NOTIFICATION: Received status: 'Error' (length: 5)
[2026-02-17 06:32:02] ERROR_NOTIFICATION: Status (lowercase, trimmed): 'error'
[2026-02-17 06:32:02] ERROR_NOTIFICATION: Status is ERROR or FAILED - proceeding with notification
[2026-02-17 06:32:02] ERROR_NOTIFICATION: Attempting to send error notification for status: 'Error', source: 'CLIENT', subject: '[Failed] RCC-Monique - Job RCC-Reception - Tuesday, 17 February 2026 08:30:48'
[2026-02-17 06:32:02] ERROR_NOTIFICATION: Loading PHPMailer library...
[2026-02-17 06:32:02] ERROR_NOTIFICATION: Base directory: /var/www/html/erp
[2026-02-17 06:32:02] ERROR_NOTIFICATION: Current __DIR__: /var/www/html/erp/modules/backup_monitoring/cron
[2026-02-17 06:32:02] ERROR_NOTIFICATION: Attempting to load PHPMailer directly...
[2026-02-17 06:32:02] ERROR_NOTIFICATION: Found PHPMailer.php at: /var/www/html/erp/vendor/phpmailer/phpmailer/src/PHPMailer.php
[2026-02-17 06:32:02] ERROR_NOTIFICATION: PHPMailer class loaded successfully via direct require
[2026-02-17 06:32:02] ERROR_NOTIFICATION: PHPMailer loaded successfully, creating PHPMailer instance...
[2026-02-17 06:32:02] ERROR_NOTIFICATION: PHPMailer instance created successfully
[2026-02-17 06:32:02] ERROR_NOTIFICATION: Configuring SMTP settings...
[2026-02-17 06:32:02] ERROR_NOTIFICATION: SMTP configured: Host=mail-eu.smtp2go.com, Port=2525, Username=sterp
[2026-02-17 06:32:02] ERROR_NOTIFICATION: Setting email from/to addresses...
[2026-02-17 06:32:02] ERROR_NOTIFICATION: Email addresses set: From=support@sautech.net, To=Helpdesk@sautech.net
[2026-02-17 06:32:02] ERROR_NOTIFICATION: Email prepared - Subject: '[Failed] RCC-Monique - Job RCC-Reception - Tuesday, 17 February 2026 08:30:48', Recipient: Helpdesk@sautech.net
[2026-02-17 06:32:02] ERROR_NOTIFICATION: Email body length: 10734 characters
[2026-02-17 06:32:02] ERROR_NOTIFICATION: SMTP Host: mail-eu.smtp2go.com, Port: 2525, Username: sterp
[2026-02-17 06:32:02] ERROR_NOTIFICATION: Attempting to send email via SMTP...
[2026-02-17 06:32:06] ERROR_NOTIFICATION: SUCCESS: Error notification sent successfully to Helpdesk@sautech.net
[2026-02-17 06:32:06] ERROR_NOTIFICATION: Email sent with subject: '[Failed] RCC-Monique - Job RCC-Reception - Tuesday, 17 February 2026 08:30:48'
[2026-02-17 06:32:06] ERROR_NOTIFICATION: === Error Notification Sent Successfully ===
[2026-02-17 08:02:01] ERROR_NOTIFICATION: === Error Notification Check ===
[2026-02-17 08:02:01] ERROR_NOTIFICATION: Received status: 'Error' (length: 5)
[2026-02-17 08:02:01] ERROR_NOTIFICATION: Status (lowercase, trimmed): 'error'
[2026-02-17 08:02:01] ERROR_NOTIFICATION: Status is ERROR or FAILED - proceeding with notification
[2026-02-17 08:02:01] ERROR_NOTIFICATION: Attempting to send error notification for status: 'Error', source: 'CLIENT', subject: '[Failed] RCC-Megan-HP2026 - Job RCC-Megan-HP2026 - Tuesday, 17 February 2026 10:00:25'
[2026-02-17 08:02:01] ERROR_NOTIFICATION: Loading PHPMailer library...
[2026-02-17 08:02:01] ERROR_NOTIFICATION: Base directory: /var/www/html/erp
[2026-02-17 08:02:01] ERROR_NOTIFICATION: Current __DIR__: /var/www/html/erp/modules/backup_monitoring/cron
[2026-02-17 08:02:01] ERROR_NOTIFICATION: Attempting to load PHPMailer directly...
[2026-02-17 08:02:01] ERROR_NOTIFICATION: Found PHPMailer.php at: /var/www/html/erp/vendor/phpmailer/phpmailer/src/PHPMailer.php
[2026-02-17 08:02:01] ERROR_NOTIFICATION: PHPMailer class loaded successfully via direct require
[2026-02-17 08:02:01] ERROR_NOTIFICATION: PHPMailer loaded successfully, creating PHPMailer instance...
[2026-02-17 08:02:01] ERROR_NOTIFICATION: PHPMailer instance created successfully
[2026-02-17 08:02:01] ERROR_NOTIFICATION: Configuring SMTP settings...
[2026-02-17 08:02:01] ERROR_NOTIFICATION: SMTP configured: Host=mail-eu.smtp2go.com, Port=2525, Username=sterp
[2026-02-17 08:02:01] ERROR_NOTIFICATION: Setting email from/to addresses...
[2026-02-17 08:02:01] ERROR_NOTIFICATION: Email addresses set: From=support@sautech.net, To=Helpdesk@sautech.net
[2026-02-17 08:02:01] ERROR_NOTIFICATION: Email prepared - Subject: '[Failed] RCC-Megan-HP2026 - Job RCC-Megan-HP2026 - Tuesday, 17 February 2026 10:00:25', Recipient: Helpdesk@sautech.net
[2026-02-17 08:02:01] ERROR_NOTIFICATION: Email body length: 10744 characters
[2026-02-17 08:02:01] ERROR_NOTIFICATION: SMTP Host: mail-eu.smtp2go.com, Port: 2525, Username: sterp
[2026-02-17 08:02:01] ERROR_NOTIFICATION: Attempting to send email via SMTP...
[2026-02-17 08:02:04] ERROR_NOTIFICATION: SUCCESS: Error notification sent successfully to Helpdesk@sautech.net
[2026-02-17 08:02:04] ERROR_NOTIFICATION: Email sent with subject: '[Failed] RCC-Megan-HP2026 - Job RCC-Megan-HP2026 - Tuesday, 17 February 2026 10:00:25'
[2026-02-17 08:02:04] ERROR_NOTIFICATION: === Error Notification Sent Successfully ===
[2026-02-17 08:32:02] ERROR_NOTIFICATION: === Error Notification Check ===
[2026-02-17 08:32:02] ERROR_NOTIFICATION: Received status: 'Error' (length: 5)
[2026-02-17 08:32:02] ERROR_NOTIFICATION: Status (lowercase, trimmed): 'error'
[2026-02-17 08:32:02] ERROR_NOTIFICATION: Status is ERROR or FAILED - proceeding with notification
[2026-02-17 08:32:02] ERROR_NOTIFICATION: Attempting to send error notification for status: 'Error', source: 'CLIENT', subject: 'RCC-Carmen-DailyBackup'
[2026-02-17 08:32:02] ERROR_NOTIFICATION: Loading PHPMailer library...
[2026-02-17 08:32:02] ERROR_NOTIFICATION: Base directory: /var/www/html/erp
[2026-02-17 08:32:02] ERROR_NOTIFICATION: Current __DIR__: /var/www/html/erp/modules/backup_monitoring/cron
[2026-02-17 08:32:02] ERROR_NOTIFICATION: Attempting to load PHPMailer directly...
[2026-02-17 08:32:02] ERROR_NOTIFICATION: Found PHPMailer.php at: /var/www/html/erp/vendor/phpmailer/phpmailer/src/PHPMailer.php
[2026-02-17 08:32:02] ERROR_NOTIFICATION: PHPMailer class loaded successfully via direct require
[2026-02-17 08:32:02] ERROR_NOTIFICATION: PHPMailer loaded successfully, creating PHPMailer instance...
[2026-02-17 08:32:02] ERROR_NOTIFICATION: PHPMailer instance created successfully
[2026-02-17 08:32:02] ERROR_NOTIFICATION: Configuring SMTP settings...
[2026-02-17 08:32:02] ERROR_NOTIFICATION: SMTP configured: Host=mail-eu.smtp2go.com, Port=2525, Username=sterp
[2026-02-17 08:32:02] ERROR_NOTIFICATION: Setting email from/to addresses...
[2026-02-17 08:32:02] ERROR_NOTIFICATION: Email addresses set: From=support@sautech.net, To=Helpdesk@sautech.net
[2026-02-17 08:32:02] ERROR_NOTIFICATION: Email prepared - Subject: 'RCC-Carmen-DailyBackup', Recipient: Helpdesk@sautech.net
[2026-02-17 08:32:02] ERROR_NOTIFICATION: Email body length: 10808 characters
[2026-02-17 08:32:02] ERROR_NOTIFICATION: SMTP Host: mail-eu.smtp2go.com, Port: 2525, Username: sterp
[2026-02-17 08:32:02] ERROR_NOTIFICATION: Attempting to send email via SMTP...
[2026-02-17 08:32:04] ERROR_NOTIFICATION: SUCCESS: Error notification sent successfully to Helpdesk@sautech.net
[2026-02-17 08:32:04] ERROR_NOTIFICATION: Email sent with subject: 'RCC-Carmen-DailyBackup'
[2026-02-17 08:32:04] ERROR_NOTIFICATION: === Error Notification Sent Successfully ===
[2026-02-17 16:45:04] ERROR_NOTIFICATION: === Error Notification Check ===
[2026-02-17 16:45:04] ERROR_NOTIFICATION: Received status: 'Error' (length: 5)
[2026-02-17 16:45:04] ERROR_NOTIFICATION: Status (lowercase, trimmed): 'error'
[2026-02-17 16:45:04] ERROR_NOTIFICATION: Status is ERROR or FAILED - proceeding with notification
[2026-02-17 16:45:04] ERROR_NOTIFICATION: Attempting to send error notification for status: 'Error', source: 'VEEAM', subject: '[Failed] Eroute (5 objects) 2 failed'
[2026-02-17 16:45:04] ERROR_NOTIFICATION: Loading PHPMailer library...
[2026-02-17 16:45:04] ERROR_NOTIFICATION: Base directory: /var/www/html/erp
[2026-02-17 16:45:04] ERROR_NOTIFICATION: Current __DIR__: /var/www/html/erp/modules/backup_monitoring/cron
[2026-02-17 16:45:04] ERROR_NOTIFICATION: Attempting to load PHPMailer directly...
[2026-02-17 16:45:04] ERROR_NOTIFICATION: Found PHPMailer.php at: /var/www/html/erp/vendor/phpmailer/phpmailer/src/PHPMailer.php
[2026-02-17 16:45:04] ERROR_NOTIFICATION: PHPMailer class loaded successfully via direct require
[2026-02-17 16:45:04] ERROR_NOTIFICATION: PHPMailer loaded successfully, creating PHPMailer instance...
[2026-02-17 16:45:04] ERROR_NOTIFICATION: PHPMailer instance created successfully
[2026-02-17 16:45:04] ERROR_NOTIFICATION: Configuring SMTP settings...
[2026-02-17 16:45:04] ERROR_NOTIFICATION: SMTP configured: Host=mail-eu.smtp2go.com, Port=2525, Username=sterp
[2026-02-17 16:45:04] ERROR_NOTIFICATION: Setting email from/to addresses...
[2026-02-17 16:45:04] ERROR_NOTIFICATION: Email addresses set: From=support@sautech.net, To=Helpdesk@sautech.net
[2026-02-17 16:45:04] ERROR_NOTIFICATION: Email prepared - Subject: '[Failed] Eroute (5 objects) 2 failed', Recipient: Helpdesk@sautech.net
[2026-02-17 16:45:04] ERROR_NOTIFICATION: Email body length: 49499 characters
[2026-02-17 16:45:04] ERROR_NOTIFICATION: SMTP Host: mail-eu.smtp2go.com, Port: 2525, Username: sterp
[2026-02-17 16:45:04] ERROR_NOTIFICATION: Attempting to send email via SMTP...
[2026-02-17 16:45:07] ERROR_NOTIFICATION: SUCCESS: Error notification sent successfully to Helpdesk@sautech.net
[2026-02-17 16:45:07] ERROR_NOTIFICATION: Email sent with subject: '[Failed] Eroute (5 objects) 2 failed'
[2026-02-17 16:45:07] ERROR_NOTIFICATION: === Error Notification Sent Successfully ===
[2026-02-18 06:34:02] ERROR_NOTIFICATION: === Error Notification Check ===
[2026-02-18 06:34:02] ERROR_NOTIFICATION: Received status: 'Error' (length: 5)
[2026-02-18 06:34:02] ERROR_NOTIFICATION: Status (lowercase, trimmed): 'error'
[2026-02-18 06:34:02] ERROR_NOTIFICATION: Status is ERROR or FAILED - proceeding with notification
[2026-02-18 06:34:02] ERROR_NOTIFICATION: Attempting to send error notification for status: 'Error', source: 'CLIENT', subject: '[Failed] RCC-Bongi - Job RCC-Bongi - Wednesday, 18 February 2026 08:26:20'
[2026-02-18 06:34:02] ERROR_NOTIFICATION: Loading PHPMailer library...
[2026-02-18 06:34:02] ERROR_NOTIFICATION: Base directory: /var/www/html/erp
[2026-02-18 06:34:02] ERROR_NOTIFICATION: Current __DIR__: /var/www/html/erp/modules/backup_monitoring/cron
[2026-02-18 06:34:02] ERROR_NOTIFICATION: Attempting to load PHPMailer directly...
[2026-02-18 06:34:02] ERROR_NOTIFICATION: Found PHPMailer.php at: /var/www/html/erp/vendor/phpmailer/phpmailer/src/PHPMailer.php
[2026-02-18 06:34:02] ERROR_NOTIFICATION: PHPMailer class loaded successfully via direct require
[2026-02-18 06:34:02] ERROR_NOTIFICATION: PHPMailer loaded successfully, creating PHPMailer instance...
[2026-02-18 06:34:02] ERROR_NOTIFICATION: PHPMailer instance created successfully
[2026-02-18 06:34:02] ERROR_NOTIFICATION: Configuring SMTP settings...
[2026-02-18 06:34:02] ERROR_NOTIFICATION: SMTP configured: Host=mail-eu.smtp2go.com, Port=2525, Username=sterp
[2026-02-18 06:34:02] ERROR_NOTIFICATION: Setting email from/to addresses...
[2026-02-18 06:34:02] ERROR_NOTIFICATION: Email addresses set: From=support@sautech.net, To=Helpdesk@sautech.net
[2026-02-18 06:34:02] ERROR_NOTIFICATION: Email prepared - Subject: '[Failed] RCC-Bongi - Job RCC-Bongi - Wednesday, 18 February 2026 08:26:20', Recipient: Helpdesk@sautech.net
[2026-02-18 06:34:02] ERROR_NOTIFICATION: Email body length: 10724 characters
[2026-02-18 06:34:02] ERROR_NOTIFICATION: SMTP Host: mail-eu.smtp2go.com, Port: 2525, Username: sterp
[2026-02-18 06:34:02] ERROR_NOTIFICATION: Attempting to send email via SMTP...
[2026-02-18 06:34:09] ERROR_NOTIFICATION: SUCCESS: Error notification sent successfully to Helpdesk@sautech.net
[2026-02-18 06:34:09] ERROR_NOTIFICATION: Email sent with subject: '[Failed] RCC-Bongi - Job RCC-Bongi - Wednesday, 18 February 2026 08:26:20'
[2026-02-18 06:34:09] ERROR_NOTIFICATION: === Error Notification Sent Successfully ===
[2026-02-18 07:29:01] ERROR_NOTIFICATION: === Error Notification Check ===
[2026-02-18 07:29:01] ERROR_NOTIFICATION: Received status: 'Error' (length: 5)
[2026-02-18 07:29:01] ERROR_NOTIFICATION: Status (lowercase, trimmed): 'error'
[2026-02-18 07:29:01] ERROR_NOTIFICATION: Status is ERROR or FAILED - proceeding with notification
[2026-02-18 07:29:01] ERROR_NOTIFICATION: Attempting to send error notification for status: 'Error', source: 'CLIENT', subject: '[Failed] RCC-Monique - Job RCC-Reception - Wednesday, 18 February 2026 09:27:07'
[2026-02-18 07:29:01] ERROR_NOTIFICATION: Loading PHPMailer library...
[2026-02-18 07:29:01] ERROR_NOTIFICATION: Base directory: /var/www/html/erp
[2026-02-18 07:29:01] ERROR_NOTIFICATION: Current __DIR__: /var/www/html/erp/modules/backup_monitoring/cron
[2026-02-18 07:29:01] ERROR_NOTIFICATION: Attempting to load PHPMailer directly...
[2026-02-18 07:29:01] ERROR_NOTIFICATION: Found PHPMailer.php at: /var/www/html/erp/vendor/phpmailer/phpmailer/src/PHPMailer.php
[2026-02-18 07:29:01] ERROR_NOTIFICATION: PHPMailer class loaded successfully via direct require
[2026-02-18 07:29:01] ERROR_NOTIFICATION: PHPMailer loaded successfully, creating PHPMailer instance...
[2026-02-18 07:29:01] ERROR_NOTIFICATION: PHPMailer instance created successfully
[2026-02-18 07:29:01] ERROR_NOTIFICATION: Configuring SMTP settings...
[2026-02-18 07:29:01] ERROR_NOTIFICATION: SMTP configured: Host=mail-eu.smtp2go.com, Port=2525, Username=sterp
[2026-02-18 07:29:01] ERROR_NOTIFICATION: Setting email from/to addresses...
[2026-02-18 07:29:01] ERROR_NOTIFICATION: Email addresses set: From=support@sautech.net, To=Helpdesk@sautech.net
[2026-02-18 07:29:01] ERROR_NOTIFICATION: Email prepared - Subject: '[Failed] RCC-Monique - Job RCC-Reception - Wednesday, 18 February 2026 09:27:07', Recipient: Helpdesk@sautech.net
[2026-02-18 07:29:01] ERROR_NOTIFICATION: Email body length: 10736 characters
[2026-02-18 07:29:01] ERROR_NOTIFICATION: SMTP Host: mail-eu.smtp2go.com, Port: 2525, Username: sterp
[2026-02-18 07:29:01] ERROR_NOTIFICATION: Attempting to send email via SMTP...
[2026-02-18 07:29:03] ERROR_NOTIFICATION: SUCCESS: Error notification sent successfully to Helpdesk@sautech.net
[2026-02-18 07:29:03] ERROR_NOTIFICATION: Email sent with subject: '[Failed] RCC-Monique - Job RCC-Reception - Wednesday, 18 February 2026 09:27:07'
[2026-02-18 07:29:03] ERROR_NOTIFICATION: === Error Notification Sent Successfully ===
[2026-02-18 07:39:02] ERROR_NOTIFICATION: === Error Notification Check ===
[2026-02-18 07:39:02] ERROR_NOTIFICATION: Received status: 'Error' (length: 5)
[2026-02-18 07:39:02] ERROR_NOTIFICATION: Status (lowercase, trimmed): 'error'
[2026-02-18 07:39:02] ERROR_NOTIFICATION: Status is ERROR or FAILED - proceeding with notification
[2026-02-18 07:39:02] ERROR_NOTIFICATION: Attempting to send error notification for status: 'Error', source: 'CLIENT', subject: '[Failed] RCC-Bongi - Job RCC-Bongi - Wednesday, 18 February 2026 09:30:51'
[2026-02-18 07:39:02] ERROR_NOTIFICATION: Loading PHPMailer library...
[2026-02-18 07:39:02] ERROR_NOTIFICATION: Base directory: /var/www/html/erp
[2026-02-18 07:39:02] ERROR_NOTIFICATION: Current __DIR__: /var/www/html/erp/modules/backup_monitoring/cron
[2026-02-18 07:39:02] ERROR_NOTIFICATION: Attempting to load PHPMailer directly...
[2026-02-18 07:39:02] ERROR_NOTIFICATION: Found PHPMailer.php at: /var/www/html/erp/vendor/phpmailer/phpmailer/src/PHPMailer.php
[2026-02-18 07:39:02] ERROR_NOTIFICATION: PHPMailer class loaded successfully via direct require
[2026-02-18 07:39:02] ERROR_NOTIFICATION: PHPMailer loaded successfully, creating PHPMailer instance...
[2026-02-18 07:39:02] ERROR_NOTIFICATION: PHPMailer instance created successfully
[2026-02-18 07:39:02] ERROR_NOTIFICATION: Configuring SMTP settings...
[2026-02-18 07:39:02] ERROR_NOTIFICATION: SMTP configured: Host=mail-eu.smtp2go.com, Port=2525, Username=sterp
[2026-02-18 07:39:02] ERROR_NOTIFICATION: Setting email from/to addresses...
[2026-02-18 07:39:02] ERROR_NOTIFICATION: Email addresses set: From=support@sautech.net, To=Helpdesk@sautech.net
[2026-02-18 07:39:02] ERROR_NOTIFICATION: Email prepared - Subject: '[Failed] RCC-Bongi - Job RCC-Bongi - Wednesday, 18 February 2026 09:30:51', Recipient: Helpdesk@sautech.net
[2026-02-18 07:39:02] ERROR_NOTIFICATION: Email body length: 10724 characters
[2026-02-18 07:39:02] ERROR_NOTIFICATION: SMTP Host: mail-eu.smtp2go.com, Port: 2525, Username: sterp
[2026-02-18 07:39:02] ERROR_NOTIFICATION: Attempting to send email via SMTP...
[2026-02-18 07:39:04] ERROR_NOTIFICATION: SUCCESS: Error notification sent successfully to Helpdesk@sautech.net
[2026-02-18 07:39:04] ERROR_NOTIFICATION: Email sent with subject: '[Failed] RCC-Bongi - Job RCC-Bongi - Wednesday, 18 February 2026 09:30:51'
[2026-02-18 07:39:04] ERROR_NOTIFICATION: === Error Notification Sent Successfully ===
[2026-02-18 08:02:02] ERROR_NOTIFICATION: === Error Notification Check ===
[2026-02-18 08:02:02] ERROR_NOTIFICATION: Received status: 'Error' (length: 5)
[2026-02-18 08:02:02] ERROR_NOTIFICATION: Status (lowercase, trimmed): 'error'
[2026-02-18 08:02:02] ERROR_NOTIFICATION: Status is ERROR or FAILED - proceeding with notification
[2026-02-18 08:02:02] ERROR_NOTIFICATION: Attempting to send error notification for status: 'Error', source: 'CLIENT', subject: '[Failed] RCC-Megan-HP2026 - Job RCC-Megan-HP2026 - Wednesday, 18 February 2026 10:00:59'
[2026-02-18 08:02:02] ERROR_NOTIFICATION: Loading PHPMailer library...
[2026-02-18 08:02:02] ERROR_NOTIFICATION: Base directory: /var/www/html/erp
[2026-02-18 08:02:02] ERROR_NOTIFICATION: Current __DIR__: /var/www/html/erp/modules/backup_monitoring/cron
[2026-02-18 08:02:02] ERROR_NOTIFICATION: Attempting to load PHPMailer directly...
[2026-02-18 08:02:02] ERROR_NOTIFICATION: Found PHPMailer.php at: /var/www/html/erp/vendor/phpmailer/phpmailer/src/PHPMailer.php
[2026-02-18 08:02:02] ERROR_NOTIFICATION: PHPMailer class loaded successfully via direct require
[2026-02-18 08:02:02] ERROR_NOTIFICATION: PHPMailer loaded successfully, creating PHPMailer instance...
[2026-02-18 08:02:02] ERROR_NOTIFICATION: PHPMailer instance created successfully
[2026-02-18 08:02:02] ERROR_NOTIFICATION: Configuring SMTP settings...
[2026-02-18 08:02:02] ERROR_NOTIFICATION: SMTP configured: Host=mail-eu.smtp2go.com, Port=2525, Username=sterp
[2026-02-18 08:02:02] ERROR_NOTIFICATION: Setting email from/to addresses...
[2026-02-18 08:02:02] ERROR_NOTIFICATION: Email addresses set: From=support@sautech.net, To=Helpdesk@sautech.net
[2026-02-18 08:02:02] ERROR_NOTIFICATION: Email prepared - Subject: '[Failed] RCC-Megan-HP2026 - Job RCC-Megan-HP2026 - Wednesday, 18 February 2026 10:00:59', Recipient: Helpdesk@sautech.net
[2026-02-18 08:02:02] ERROR_NOTIFICATION: Email body length: 10746 characters
[2026-02-18 08:02:02] ERROR_NOTIFICATION: SMTP Host: mail-eu.smtp2go.com, Port: 2525, Username: sterp
[2026-02-18 08:02:02] ERROR_NOTIFICATION: Attempting to send email via SMTP...
[2026-02-18 08:02:05] ERROR_NOTIFICATION: SUCCESS: Error notification sent successfully to Helpdesk@sautech.net
[2026-02-18 08:02:05] ERROR_NOTIFICATION: Email sent with subject: '[Failed] RCC-Megan-HP2026 - Job RCC-Megan-HP2026 - Wednesday, 18 February 2026 10:00:59'
[2026-02-18 08:02:05] ERROR_NOTIFICATION: === Error Notification Sent Successfully ===
[2026-02-18 08:03:02] ERROR_NOTIFICATION: === Error Notification Check ===
[2026-02-18 08:03:02] ERROR_NOTIFICATION: Received status: 'Error' (length: 5)
[2026-02-18 08:03:02] ERROR_NOTIFICATION: Status (lowercase, trimmed): 'error'
[2026-02-18 08:03:02] ERROR_NOTIFICATION: Status is ERROR or FAILED - proceeding with notification
[2026-02-18 08:03:02] ERROR_NOTIFICATION: Attempting to send error notification for status: 'Error', source: 'CLIENT', subject: 'RCC-Carmen-DailyBackup'
[2026-02-18 08:03:02] ERROR_NOTIFICATION: Loading PHPMailer library...
[2026-02-18 08:03:02] ERROR_NOTIFICATION: Base directory: /var/www/html/erp
[2026-02-18 08:03:02] ERROR_NOTIFICATION: Current __DIR__: /var/www/html/erp/modules/backup_monitoring/cron
[2026-02-18 08:03:02] ERROR_NOTIFICATION: Attempting to load PHPMailer directly...
[2026-02-18 08:03:02] ERROR_NOTIFICATION: Found PHPMailer.php at: /var/www/html/erp/vendor/phpmailer/phpmailer/src/PHPMailer.php
[2026-02-18 08:03:02] ERROR_NOTIFICATION: PHPMailer class loaded successfully via direct require
[2026-02-18 08:03:02] ERROR_NOTIFICATION: PHPMailer loaded successfully, creating PHPMailer instance...
[2026-02-18 08:03:02] ERROR_NOTIFICATION: PHPMailer instance created successfully
[2026-02-18 08:03:02] ERROR_NOTIFICATION: Configuring SMTP settings...
[2026-02-18 08:03:02] ERROR_NOTIFICATION: SMTP configured: Host=mail-eu.smtp2go.com, Port=2525, Username=sterp
[2026-02-18 08:03:02] ERROR_NOTIFICATION: Setting email from/to addresses...
[2026-02-18 08:03:02] ERROR_NOTIFICATION: Email addresses set: From=support@sautech.net, To=Helpdesk@sautech.net
[2026-02-18 08:03:02] ERROR_NOTIFICATION: Email prepared - Subject: 'RCC-Carmen-DailyBackup', Recipient: Helpdesk@sautech.net
[2026-02-18 08:03:02] ERROR_NOTIFICATION: Email body length: 10810 characters
[2026-02-18 08:03:02] ERROR_NOTIFICATION: SMTP Host: mail-eu.smtp2go.com, Port: 2525, Username: sterp
[2026-02-18 08:03:02] ERROR_NOTIFICATION: Attempting to send email via SMTP...
[2026-02-18 08:03:04] ERROR_NOTIFICATION: SUCCESS: Error notification sent successfully to Helpdesk@sautech.net
[2026-02-18 08:03:04] ERROR_NOTIFICATION: Email sent with subject: 'RCC-Carmen-DailyBackup'
[2026-02-18 08:03:04] ERROR_NOTIFICATION: === Error Notification Sent Successfully ===
[2026-02-18 10:13:05] ERROR_NOTIFICATION: === Error Notification Check ===
[2026-02-18 10:13:05] ERROR_NOTIFICATION: Received status: 'Error' (length: 5)
[2026-02-18 10:13:05] ERROR_NOTIFICATION: Status (lowercase, trimmed): 'error'
[2026-02-18 10:13:05] ERROR_NOTIFICATION: Status is ERROR or FAILED - proceeding with notification
[2026-02-18 10:13:05] ERROR_NOTIFICATION: Attempting to send error notification for status: 'Error', source: 'VEEAM', subject: '[Failed] ANC (1 objects) 1 failed'
[2026-02-18 10:13:05] ERROR_NOTIFICATION: Loading PHPMailer library...
[2026-02-18 10:13:05] ERROR_NOTIFICATION: Base directory: /var/www/html/erp
[2026-02-18 10:13:05] ERROR_NOTIFICATION: Current __DIR__: /var/www/html/erp/modules/backup_monitoring/cron
[2026-02-18 10:13:05] ERROR_NOTIFICATION: Attempting to load PHPMailer directly...
[2026-02-18 10:13:05] ERROR_NOTIFICATION: Found PHPMailer.php at: /var/www/html/erp/vendor/phpmailer/phpmailer/src/PHPMailer.php
[2026-02-18 10:13:05] ERROR_NOTIFICATION: PHPMailer class loaded successfully via direct require
[2026-02-18 10:13:05] ERROR_NOTIFICATION: PHPMailer loaded successfully, creating PHPMailer instance...
[2026-02-18 10:13:05] ERROR_NOTIFICATION: PHPMailer instance created successfully
[2026-02-18 10:13:05] ERROR_NOTIFICATION: Configuring SMTP settings...
[2026-02-18 10:13:05] ERROR_NOTIFICATION: SMTP configured: Host=mail-eu.smtp2go.com, Port=2525, Username=sterp
[2026-02-18 10:13:05] ERROR_NOTIFICATION: Setting email from/to addresses...
[2026-02-18 10:13:05] ERROR_NOTIFICATION: Email addresses set: From=support@sautech.net, To=Helpdesk@sautech.net
[2026-02-18 10:13:05] ERROR_NOTIFICATION: Email prepared - Subject: '[Failed] ANC (1 objects) 1 failed', Recipient: Helpdesk@sautech.net
[2026-02-18 10:13:05] ERROR_NOTIFICATION: Email body length: 41361 characters
[2026-02-18 10:13:05] ERROR_NOTIFICATION: SMTP Host: mail-eu.smtp2go.com, Port: 2525, Username: sterp
[2026-02-18 10:13:05] ERROR_NOTIFICATION: Attempting to send email via SMTP...
[2026-02-18 10:13:07] ERROR_NOTIFICATION: SUCCESS: Error notification sent successfully to Helpdesk@sautech.net
[2026-02-18 10:13:07] ERROR_NOTIFICATION: Email sent with subject: '[Failed] ANC (1 objects) 1 failed'
[2026-02-18 10:13:07] ERROR_NOTIFICATION: === Error Notification Sent Successfully ===
[2026-02-18 15:37:05] ERROR_NOTIFICATION: === Error Notification Check ===
[2026-02-18 15:37:05] ERROR_NOTIFICATION: Received status: 'Error' (length: 5)
[2026-02-18 15:37:05] ERROR_NOTIFICATION: Status (lowercase, trimmed): 'error'
[2026-02-18 15:37:05] ERROR_NOTIFICATION: Status is ERROR or FAILED - proceeding with notification
[2026-02-18 15:37:05] ERROR_NOTIFICATION: Attempting to send error notification for status: 'Error', source: 'VEEAM', subject: '[Failed] Michem (1 objects) 1 failed'
[2026-02-18 15:37:05] ERROR_NOTIFICATION: Loading PHPMailer library...
[2026-02-18 15:37:05] ERROR_NOTIFICATION: Base directory: /var/www/html/erp
[2026-02-18 15:37:05] ERROR_NOTIFICATION: Current __DIR__: /var/www/html/erp/modules/backup_monitoring/cron
[2026-02-18 15:37:05] ERROR_NOTIFICATION: Attempting to load PHPMailer directly...
[2026-02-18 15:37:05] ERROR_NOTIFICATION: Found PHPMailer.php at: /var/www/html/erp/vendor/phpmailer/phpmailer/src/PHPMailer.php
[2026-02-18 15:37:05] ERROR_NOTIFICATION: PHPMailer class loaded successfully via direct require
[2026-02-18 15:37:05] ERROR_NOTIFICATION: PHPMailer loaded successfully, creating PHPMailer instance...
[2026-02-18 15:37:05] ERROR_NOTIFICATION: PHPMailer instance created successfully
[2026-02-18 15:37:05] ERROR_NOTIFICATION: Configuring SMTP settings...
[2026-02-18 15:37:05] ERROR_NOTIFICATION: SMTP configured: Host=mail-eu.smtp2go.com, Port=2525, Username=sterp
[2026-02-18 15:37:05] ERROR_NOTIFICATION: Setting email from/to addresses...
[2026-02-18 15:37:05] ERROR_NOTIFICATION: Email addresses set: From=support@sautech.net, To=Helpdesk@sautech.net
[2026-02-18 15:37:05] ERROR_NOTIFICATION: Email prepared - Subject: '[Failed] Michem (1 objects) 1 failed', Recipient: Helpdesk@sautech.net
[2026-02-18 15:37:05] ERROR_NOTIFICATION: Email body length: 37445 characters
[2026-02-18 15:37:05] ERROR_NOTIFICATION: SMTP Host: mail-eu.smtp2go.com, Port: 2525, Username: sterp
[2026-02-18 15:37:05] ERROR_NOTIFICATION: Attempting to send email via SMTP...
[2026-02-18 15:37:12] ERROR_NOTIFICATION: SUCCESS: Error notification sent successfully to Helpdesk@sautech.net
[2026-02-18 15:37:12] ERROR_NOTIFICATION: Email sent with subject: '[Failed] Michem (1 objects) 1 failed'
[2026-02-18 15:37:12] ERROR_NOTIFICATION: === Error Notification Sent Successfully ===
[2026-02-19 06:32:02] ERROR_NOTIFICATION: === Error Notification Check ===
[2026-02-19 06:32:02] ERROR_NOTIFICATION: Received status: 'Error' (length: 5)
[2026-02-19 06:32:02] ERROR_NOTIFICATION: Status (lowercase, trimmed): 'error'
[2026-02-19 06:32:02] ERROR_NOTIFICATION: Status is ERROR or FAILED - proceeding with notification
[2026-02-19 06:32:02] ERROR_NOTIFICATION: Attempting to send error notification for status: 'Error', source: 'CLIENT', subject: '[Failed] RCC-Monique - Job RCC-Reception - Thursday, 19 February 2026 08:30:47'
[2026-02-19 06:32:02] ERROR_NOTIFICATION: Loading PHPMailer library...
[2026-02-19 06:32:02] ERROR_NOTIFICATION: Base directory: /var/www/html/erp
[2026-02-19 06:32:02] ERROR_NOTIFICATION: Current __DIR__: /var/www/html/erp/modules/backup_monitoring/cron
[2026-02-19 06:32:02] ERROR_NOTIFICATION: Attempting to load PHPMailer directly...
[2026-02-19 06:32:02] ERROR_NOTIFICATION: Found PHPMailer.php at: /var/www/html/erp/vendor/phpmailer/phpmailer/src/PHPMailer.php
[2026-02-19 06:32:02] ERROR_NOTIFICATION: PHPMailer class loaded successfully via direct require
[2026-02-19 06:32:02] ERROR_NOTIFICATION: PHPMailer loaded successfully, creating PHPMailer instance...
[2026-02-19 06:32:02] ERROR_NOTIFICATION: PHPMailer instance created successfully
[2026-02-19 06:32:02] ERROR_NOTIFICATION: Configuring SMTP settings...
[2026-02-19 06:32:02] ERROR_NOTIFICATION: SMTP configured: Host=mail-eu.smtp2go.com, Port=2525, Username=sterp
[2026-02-19 06:32:02] ERROR_NOTIFICATION: Setting email from/to addresses...
[2026-02-19 06:32:02] ERROR_NOTIFICATION: Email addresses set: From=support@sautech.net, To=Helpdesk@sautech.net
[2026-02-19 06:32:02] ERROR_NOTIFICATION: Email prepared - Subject: '[Failed] RCC-Monique - Job RCC-Reception - Thursday, 19 February 2026 08:30:47', Recipient: Helpdesk@sautech.net
[2026-02-19 06:32:02] ERROR_NOTIFICATION: Email body length: 10754 characters
[2026-02-19 06:32:02] ERROR_NOTIFICATION: SMTP Host: mail-eu.smtp2go.com, Port: 2525, Username: sterp
[2026-02-19 06:32:02] ERROR_NOTIFICATION: Attempting to send email via SMTP...
[2026-02-19 06:32:04] ERROR_NOTIFICATION: SUCCESS: Error notification sent successfully to Helpdesk@sautech.net
[2026-02-19 06:32:04] ERROR_NOTIFICATION: Email sent with subject: '[Failed] RCC-Monique - Job RCC-Reception - Thursday, 19 February 2026 08:30:47'
[2026-02-19 06:32:04] ERROR_NOTIFICATION: === Error Notification Sent Successfully ===
[2026-02-19 07:39:02] ERROR_NOTIFICATION: === Error Notification Check ===
[2026-02-19 07:39:02] ERROR_NOTIFICATION: Received status: 'Error' (length: 5)
[2026-02-19 07:39:02] ERROR_NOTIFICATION: Status (lowercase, trimmed): 'error'
[2026-02-19 07:39:02] ERROR_NOTIFICATION: Status is ERROR or FAILED - proceeding with notification
[2026-02-19 07:39:02] ERROR_NOTIFICATION: Attempting to send error notification for status: 'Error', source: 'CLIENT', subject: '[Failed] RCC-Bongi - Job RCC-Bongi - Thursday, 19 February 2026 09:30:26'
[2026-02-19 07:39:02] ERROR_NOTIFICATION: Loading PHPMailer library...
[2026-02-19 07:39:02] ERROR_NOTIFICATION: Base directory: /var/www/html/erp
[2026-02-19 07:39:02] ERROR_NOTIFICATION: Current __DIR__: /var/www/html/erp/modules/backup_monitoring/cron
[2026-02-19 07:39:02] ERROR_NOTIFICATION: Attempting to load PHPMailer directly...
[2026-02-19 07:39:02] ERROR_NOTIFICATION: Found PHPMailer.php at: /var/www/html/erp/vendor/phpmailer/phpmailer/src/PHPMailer.php
[2026-02-19 07:39:02] ERROR_NOTIFICATION: PHPMailer class loaded successfully via direct require
[2026-02-19 07:39:02] ERROR_NOTIFICATION: PHPMailer loaded successfully, creating PHPMailer instance...
[2026-02-19 07:39:02] ERROR_NOTIFICATION: PHPMailer instance created successfully
[2026-02-19 07:39:02] ERROR_NOTIFICATION: Configuring SMTP settings...
[2026-02-19 07:39:02] ERROR_NOTIFICATION: SMTP configured: Host=mail-eu.smtp2go.com, Port=2525, Username=sterp
[2026-02-19 07:39:02] ERROR_NOTIFICATION: Setting email from/to addresses...
[2026-02-19 07:39:02] ERROR_NOTIFICATION: Email addresses set: From=support@sautech.net, To=Helpdesk@sautech.net
[2026-02-19 07:39:02] ERROR_NOTIFICATION: Email prepared - Subject: '[Failed] RCC-Bongi - Job RCC-Bongi - Thursday, 19 February 2026 09:30:26', Recipient: Helpdesk@sautech.net
[2026-02-19 07:39:02] ERROR_NOTIFICATION: Email body length: 10723 characters
[2026-02-19 07:39:02] ERROR_NOTIFICATION: SMTP Host: mail-eu.smtp2go.com, Port: 2525, Username: sterp
[2026-02-19 07:39:02] ERROR_NOTIFICATION: Attempting to send email via SMTP...
[2026-02-19 07:39:04] ERROR_NOTIFICATION: SUCCESS: Error notification sent successfully to Helpdesk@sautech.net
[2026-02-19 07:39:04] ERROR_NOTIFICATION: Email sent with subject: '[Failed] RCC-Bongi - Job RCC-Bongi - Thursday, 19 February 2026 09:30:26'
[2026-02-19 07:39:04] ERROR_NOTIFICATION: === Error Notification Sent Successfully ===
[2026-02-19 14:03:02] ERROR_NOTIFICATION: === Error Notification Check ===
[2026-02-19 14:03:02] ERROR_NOTIFICATION: Received status: 'Error' (length: 5)
[2026-02-19 14:03:02] ERROR_NOTIFICATION: Status (lowercase, trimmed): 'error'
[2026-02-19 14:03:02] ERROR_NOTIFICATION: Status is ERROR or FAILED - proceeding with notification
[2026-02-19 14:03:02] ERROR_NOTIFICATION: Attempting to send error notification for status: 'Error', source: 'CLIENT', subject: '[Failed] RCC-Megan-HP2026 - Job RCC-Megan-HP2026 - Thursday, 19 February 2026 16:01:53'
[2026-02-19 14:03:02] ERROR_NOTIFICATION: Loading PHPMailer library...
[2026-02-19 14:03:02] ERROR_NOTIFICATION: Base directory: /var/www/html/erp
[2026-02-19 14:03:02] ERROR_NOTIFICATION: Current __DIR__: /var/www/html/erp/modules/backup_monitoring/cron
[2026-02-19 14:03:02] ERROR_NOTIFICATION: Attempting to load PHPMailer directly...
[2026-02-19 14:03:02] ERROR_NOTIFICATION: Found PHPMailer.php at: /var/www/html/erp/vendor/phpmailer/phpmailer/src/PHPMailer.php
[2026-02-19 14:03:02] ERROR_NOTIFICATION: PHPMailer class loaded successfully via direct require
[2026-02-19 14:03:02] ERROR_NOTIFICATION: PHPMailer loaded successfully, creating PHPMailer instance...
[2026-02-19 14:03:02] ERROR_NOTIFICATION: PHPMailer instance created successfully
[2026-02-19 14:03:02] ERROR_NOTIFICATION: Configuring SMTP settings...
[2026-02-19 14:03:02] ERROR_NOTIFICATION: SMTP configured: Host=mail-eu.smtp2go.com, Port=2525, Username=sterp
[2026-02-19 14:03:02] ERROR_NOTIFICATION: Setting email from/to addresses...
[2026-02-19 14:03:02] ERROR_NOTIFICATION: Email addresses set: From=support@sautech.net, To=Helpdesk@sautech.net
[2026-02-19 14:03:02] ERROR_NOTIFICATION: Email prepared - Subject: '[Failed] RCC-Megan-HP2026 - Job RCC-Megan-HP2026 - Thursday, 19 February 2026 16:01:53', Recipient: Helpdesk@sautech.net
[2026-02-19 14:03:02] ERROR_NOTIFICATION: Email body length: 10745 characters
[2026-02-19 14:03:02] ERROR_NOTIFICATION: SMTP Host: mail-eu.smtp2go.com, Port: 2525, Username: sterp
[2026-02-19 14:03:02] ERROR_NOTIFICATION: Attempting to send email via SMTP...
[2026-02-19 14:03:05] ERROR_NOTIFICATION: SUCCESS: Error notification sent successfully to Helpdesk@sautech.net
[2026-02-19 14:03:05] ERROR_NOTIFICATION: Email sent with subject: '[Failed] RCC-Megan-HP2026 - Job RCC-Megan-HP2026 - Thursday, 19 February 2026 16:01:53'
[2026-02-19 14:03:05] ERROR_NOTIFICATION: === Error Notification Sent Successfully ===
[2026-02-19 15:36:04] ERROR_NOTIFICATION: === Error Notification Check ===
[2026-02-19 15:36:04] ERROR_NOTIFICATION: Received status: 'Error' (length: 5)
[2026-02-19 15:36:04] ERROR_NOTIFICATION: Status (lowercase, trimmed): 'error'
[2026-02-19 15:36:04] ERROR_NOTIFICATION: Status is ERROR or FAILED - proceeding with notification
[2026-02-19 15:36:04] ERROR_NOTIFICATION: Attempting to send error notification for status: 'Error', source: 'VEEAM', subject: '[Failed] Michem (1 objects) 1 failed'
[2026-02-19 15:36:04] ERROR_NOTIFICATION: Loading PHPMailer library...
[2026-02-19 15:36:04] ERROR_NOTIFICATION: Base directory: /var/www/html/erp
[2026-02-19 15:36:04] ERROR_NOTIFICATION: Current __DIR__: /var/www/html/erp/modules/backup_monitoring/cron
[2026-02-19 15:36:04] ERROR_NOTIFICATION: Attempting to load PHPMailer directly...
[2026-02-19 15:36:04] ERROR_NOTIFICATION: Found PHPMailer.php at: /var/www/html/erp/vendor/phpmailer/phpmailer/src/PHPMailer.php
[2026-02-19 15:36:04] ERROR_NOTIFICATION: PHPMailer class loaded successfully via direct require
[2026-02-19 15:36:04] ERROR_NOTIFICATION: PHPMailer loaded successfully, creating PHPMailer instance...
[2026-02-19 15:36:04] ERROR_NOTIFICATION: PHPMailer instance created successfully
[2026-02-19 15:36:04] ERROR_NOTIFICATION: Configuring SMTP settings...
[2026-02-19 15:36:04] ERROR_NOTIFICATION: SMTP configured: Host=mail-eu.smtp2go.com, Port=2525, Username=sterp
[2026-02-19 15:36:04] ERROR_NOTIFICATION: Setting email from/to addresses...
[2026-02-19 15:36:04] ERROR_NOTIFICATION: Email addresses set: From=support@sautech.net, To=Helpdesk@sautech.net
[2026-02-19 15:36:04] ERROR_NOTIFICATION: Email prepared - Subject: '[Failed] Michem (1 objects) 1 failed', Recipient: Helpdesk@sautech.net
[2026-02-19 15:36:04] ERROR_NOTIFICATION: Email body length: 37441 characters
[2026-02-19 15:36:04] ERROR_NOTIFICATION: SMTP Host: mail-eu.smtp2go.com, Port: 2525, Username: sterp
[2026-02-19 15:36:04] ERROR_NOTIFICATION: Attempting to send email via SMTP...
[2026-02-19 15:36:06] ERROR_NOTIFICATION: SUCCESS: Error notification sent successfully to Helpdesk@sautech.net
[2026-02-19 15:36:06] ERROR_NOTIFICATION: Email sent with subject: '[Failed] Michem (1 objects) 1 failed'
[2026-02-19 15:36:06] ERROR_NOTIFICATION: === Error Notification Sent Successfully ===
[2026-02-20 06:32:02] ERROR_NOTIFICATION: === Error Notification Check ===
[2026-02-20 06:32:02] ERROR_NOTIFICATION: Received status: 'Error' (length: 5)
[2026-02-20 06:32:02] ERROR_NOTIFICATION: Status (lowercase, trimmed): 'error'
[2026-02-20 06:32:02] ERROR_NOTIFICATION: Status is ERROR or FAILED - proceeding with notification
[2026-02-20 06:32:02] ERROR_NOTIFICATION: Attempting to send error notification for status: 'Error', source: 'CLIENT', subject: '[Failed] RCC-Monique - Job RCC-Reception - Friday, 20 February 2026 08:30:46'
[2026-02-20 06:32:02] ERROR_NOTIFICATION: Loading PHPMailer library...
[2026-02-20 06:32:02] ERROR_NOTIFICATION: Base directory: /var/www/html/erp
[2026-02-20 06:32:02] ERROR_NOTIFICATION: Current __DIR__: /var/www/html/erp/modules/backup_monitoring/cron
[2026-02-20 06:32:02] ERROR_NOTIFICATION: Attempting to load PHPMailer directly...
[2026-02-20 06:32:02] ERROR_NOTIFICATION: Found PHPMailer.php at: /var/www/html/erp/vendor/phpmailer/phpmailer/src/PHPMailer.php
[2026-02-20 06:32:02] ERROR_NOTIFICATION: PHPMailer class loaded successfully via direct require
[2026-02-20 06:32:02] ERROR_NOTIFICATION: PHPMailer loaded successfully, creating PHPMailer instance...
[2026-02-20 06:32:02] ERROR_NOTIFICATION: PHPMailer instance created successfully
[2026-02-20 06:32:02] ERROR_NOTIFICATION: Configuring SMTP settings...
[2026-02-20 06:32:02] ERROR_NOTIFICATION: SMTP configured: Host=mail-eu.smtp2go.com, Port=2525, Username=sterp
[2026-02-20 06:32:02] ERROR_NOTIFICATION: Setting email from/to addresses...
[2026-02-20 06:32:02] ERROR_NOTIFICATION: Email addresses set: From=support@sautech.net, To=Helpdesk@sautech.net
[2026-02-20 06:32:02] ERROR_NOTIFICATION: Email prepared - Subject: '[Failed] RCC-Monique - Job RCC-Reception - Friday, 20 February 2026 08:30:46', Recipient: Helpdesk@sautech.net
[2026-02-20 06:32:02] ERROR_NOTIFICATION: Email body length: 10733 characters
[2026-02-20 06:32:02] ERROR_NOTIFICATION: SMTP Host: mail-eu.smtp2go.com, Port: 2525, Username: sterp
[2026-02-20 06:32:02] ERROR_NOTIFICATION: Attempting to send email via SMTP...
[2026-02-20 06:32:04] ERROR_NOTIFICATION: SUCCESS: Error notification sent successfully to Helpdesk@sautech.net
[2026-02-20 06:32:04] ERROR_NOTIFICATION: Email sent with subject: '[Failed] RCC-Monique - Job RCC-Reception - Friday, 20 February 2026 08:30:46'
[2026-02-20 06:32:04] ERROR_NOTIFICATION: === Error Notification Sent Successfully ===
[2026-02-20 07:39:01] ERROR_NOTIFICATION: === Error Notification Check ===
[2026-02-20 07:39:01] ERROR_NOTIFICATION: Received status: 'Error' (length: 5)
[2026-02-20 07:39:01] ERROR_NOTIFICATION: Status (lowercase, trimmed): 'error'
[2026-02-20 07:39:01] ERROR_NOTIFICATION: Status is ERROR or FAILED - proceeding with notification
[2026-02-20 07:39:01] ERROR_NOTIFICATION: Attempting to send error notification for status: 'Error', source: 'CLIENT', subject: '[Failed] RCC-Bongi - Job RCC-Bongi - Friday, 20 February 2026 09:30:48'
[2026-02-20 07:39:01] ERROR_NOTIFICATION: Loading PHPMailer library...
[2026-02-20 07:39:01] ERROR_NOTIFICATION: Base directory: /var/www/html/erp
[2026-02-20 07:39:01] ERROR_NOTIFICATION: Current __DIR__: /var/www/html/erp/modules/backup_monitoring/cron
[2026-02-20 07:39:01] ERROR_NOTIFICATION: Attempting to load PHPMailer directly...
[2026-02-20 07:39:01] ERROR_NOTIFICATION: Found PHPMailer.php at: /var/www/html/erp/vendor/phpmailer/phpmailer/src/PHPMailer.php
[2026-02-20 07:39:01] ERROR_NOTIFICATION: PHPMailer class loaded successfully via direct require
[2026-02-20 07:39:01] ERROR_NOTIFICATION: PHPMailer loaded successfully, creating PHPMailer instance...
[2026-02-20 07:39:01] ERROR_NOTIFICATION: PHPMailer instance created successfully
[2026-02-20 07:39:01] ERROR_NOTIFICATION: Configuring SMTP settings...
[2026-02-20 07:39:01] ERROR_NOTIFICATION: SMTP configured: Host=mail-eu.smtp2go.com, Port=2525, Username=sterp
[2026-02-20 07:39:01] ERROR_NOTIFICATION: Setting email from/to addresses...
[2026-02-20 07:39:01] ERROR_NOTIFICATION: Email addresses set: From=support@sautech.net, To=Helpdesk@sautech.net
[2026-02-20 07:39:01] ERROR_NOTIFICATION: Email prepared - Subject: '[Failed] RCC-Bongi - Job RCC-Bongi - Friday, 20 February 2026 09:30:48', Recipient: Helpdesk@sautech.net
[2026-02-20 07:39:01] ERROR_NOTIFICATION: Email body length: 10740 characters
[2026-02-20 07:39:01] ERROR_NOTIFICATION: SMTP Host: mail-eu.smtp2go.com, Port: 2525, Username: sterp
[2026-02-20 07:39:01] ERROR_NOTIFICATION: Attempting to send email via SMTP...
[2026-02-20 07:39:03] ERROR_NOTIFICATION: SUCCESS: Error notification sent successfully to Helpdesk@sautech.net
[2026-02-20 07:39:03] ERROR_NOTIFICATION: Email sent with subject: '[Failed] RCC-Bongi - Job RCC-Bongi - Friday, 20 February 2026 09:30:48'
[2026-02-20 07:39:03] ERROR_NOTIFICATION: === Error Notification Sent Successfully ===
[2026-02-20 08:02:02] ERROR_NOTIFICATION: === Error Notification Check ===
[2026-02-20 08:02:02] ERROR_NOTIFICATION: Received status: 'Error' (length: 5)
[2026-02-20 08:02:02] ERROR_NOTIFICATION: Status (lowercase, trimmed): 'error'
[2026-02-20 08:02:02] ERROR_NOTIFICATION: Status is ERROR or FAILED - proceeding with notification
[2026-02-20 08:02:02] ERROR_NOTIFICATION: Attempting to send error notification for status: 'Error', source: 'CLIENT', subject: '[Failed] RCC-Megan-HP2026 - Job RCC-Megan-HP2026 - Friday, 20 February 2026 10:00:25'
[2026-02-20 08:02:02] ERROR_NOTIFICATION: Loading PHPMailer library...
[2026-02-20 08:02:02] ERROR_NOTIFICATION: Base directory: /var/www/html/erp
[2026-02-20 08:02:02] ERROR_NOTIFICATION: Current __DIR__: /var/www/html/erp/modules/backup_monitoring/cron
[2026-02-20 08:02:02] ERROR_NOTIFICATION: Attempting to load PHPMailer directly...
[2026-02-20 08:02:02] ERROR_NOTIFICATION: Found PHPMailer.php at: /var/www/html/erp/vendor/phpmailer/phpmailer/src/PHPMailer.php
[2026-02-20 08:02:02] ERROR_NOTIFICATION: PHPMailer class loaded successfully via direct require
[2026-02-20 08:02:02] ERROR_NOTIFICATION: PHPMailer loaded successfully, creating PHPMailer instance...
[2026-02-20 08:02:02] ERROR_NOTIFICATION: PHPMailer instance created successfully
[2026-02-20 08:02:02] ERROR_NOTIFICATION: Configuring SMTP settings...
[2026-02-20 08:02:02] ERROR_NOTIFICATION: SMTP configured: Host=mail-eu.smtp2go.com, Port=2525, Username=sterp
[2026-02-20 08:02:02] ERROR_NOTIFICATION: Setting email from/to addresses...
[2026-02-20 08:02:02] ERROR_NOTIFICATION: Email addresses set: From=support@sautech.net, To=Helpdesk@sautech.net
[2026-02-20 08:02:02] ERROR_NOTIFICATION: Email prepared - Subject: '[Failed] RCC-Megan-HP2026 - Job RCC-Megan-HP2026 - Friday, 20 February 2026 10:00:25', Recipient: Helpdesk@sautech.net
[2026-02-20 08:02:02] ERROR_NOTIFICATION: Email body length: 10743 characters
[2026-02-20 08:02:02] ERROR_NOTIFICATION: SMTP Host: mail-eu.smtp2go.com, Port: 2525, Username: sterp
[2026-02-20 08:02:02] ERROR_NOTIFICATION: Attempting to send email via SMTP...
[2026-02-20 08:02:04] ERROR_NOTIFICATION: SUCCESS: Error notification sent successfully to Helpdesk@sautech.net
[2026-02-20 08:02:04] ERROR_NOTIFICATION: Email sent with subject: '[Failed] RCC-Megan-HP2026 - Job RCC-Megan-HP2026 - Friday, 20 February 2026 10:00:25'
[2026-02-20 08:02:04] ERROR_NOTIFICATION: === Error Notification Sent Successfully ===
[2026-02-20 09:34:02] ERROR_NOTIFICATION: === Error Notification Check ===
[2026-02-20 09:34:02] ERROR_NOTIFICATION: Received status: 'Error' (length: 5)
[2026-02-20 09:34:02] ERROR_NOTIFICATION: Status (lowercase, trimmed): 'error'
[2026-02-20 09:34:02] ERROR_NOTIFICATION: Status is ERROR or FAILED - proceeding with notification
[2026-02-20 09:34:02] ERROR_NOTIFICATION: Attempting to send error notification for status: 'Error', source: 'CLIENT', subject: 'RCC-Carmen-DailyBackup'
[2026-02-20 09:34:02] ERROR_NOTIFICATION: Loading PHPMailer library...
[2026-02-20 09:34:02] ERROR_NOTIFICATION: Base directory: /var/www/html/erp
[2026-02-20 09:34:02] ERROR_NOTIFICATION: Current __DIR__: /var/www/html/erp/modules/backup_monitoring/cron
[2026-02-20 09:34:02] ERROR_NOTIFICATION: Attempting to load PHPMailer directly...
[2026-02-20 09:34:02] ERROR_NOTIFICATION: Found PHPMailer.php at: /var/www/html/erp/vendor/phpmailer/phpmailer/src/PHPMailer.php
[2026-02-20 09:34:02] ERROR_NOTIFICATION: PHPMailer class loaded successfully via direct require
[2026-02-20 09:34:02] ERROR_NOTIFICATION: PHPMailer loaded successfully, creating PHPMailer instance...
[2026-02-20 09:34:02] ERROR_NOTIFICATION: PHPMailer instance created successfully
[2026-02-20 09:34:02] ERROR_NOTIFICATION: Configuring SMTP settings...
[2026-02-20 09:34:02] ERROR_NOTIFICATION: SMTP configured: Host=mail-eu.smtp2go.com, Port=2525, Username=sterp
[2026-02-20 09:34:02] ERROR_NOTIFICATION: Setting email from/to addresses...
[2026-02-20 09:34:02] ERROR_NOTIFICATION: Email addresses set: From=support@sautech.net, To=Helpdesk@sautech.net
[2026-02-20 09:34:02] ERROR_NOTIFICATION: Email prepared - Subject: 'RCC-Carmen-DailyBackup', Recipient: Helpdesk@sautech.net
[2026-02-20 09:34:02] ERROR_NOTIFICATION: Email body length: 10903 characters
[2026-02-20 09:34:02] ERROR_NOTIFICATION: SMTP Host: mail-eu.smtp2go.com, Port: 2525, Username: sterp
[2026-02-20 09:34:02] ERROR_NOTIFICATION: Attempting to send email via SMTP...
[2026-02-20 09:34:04] ERROR_NOTIFICATION: SUCCESS: Error notification sent successfully to Helpdesk@sautech.net
[2026-02-20 09:34:04] ERROR_NOTIFICATION: Email sent with subject: 'RCC-Carmen-DailyBackup'
[2026-02-20 09:34:04] ERROR_NOTIFICATION: === Error Notification Sent Successfully ===
[2026-02-20 15:35:04] ERROR_NOTIFICATION: === Error Notification Check ===
[2026-02-20 15:35:04] ERROR_NOTIFICATION: Received status: 'Error' (length: 5)
[2026-02-20 15:35:04] ERROR_NOTIFICATION: Status (lowercase, trimmed): 'error'
[2026-02-20 15:35:04] ERROR_NOTIFICATION: Status is ERROR or FAILED - proceeding with notification
[2026-02-20 15:35:04] ERROR_NOTIFICATION: Attempting to send error notification for status: 'Error', source: 'VEEAM', subject: '[Failed] Michem (1 objects) 1 failed'
[2026-02-20 15:35:04] ERROR_NOTIFICATION: Loading PHPMailer library...
[2026-02-20 15:35:04] ERROR_NOTIFICATION: Base directory: /var/www/html/erp
[2026-02-20 15:35:04] ERROR_NOTIFICATION: Current __DIR__: /var/www/html/erp/modules/backup_monitoring/cron
[2026-02-20 15:35:04] ERROR_NOTIFICATION: Attempting to load PHPMailer directly...
[2026-02-20 15:35:04] ERROR_NOTIFICATION: Found PHPMailer.php at: /var/www/html/erp/vendor/phpmailer/phpmailer/src/PHPMailer.php
[2026-02-20 15:35:04] ERROR_NOTIFICATION: PHPMailer class loaded successfully via direct require
[2026-02-20 15:35:04] ERROR_NOTIFICATION: PHPMailer loaded successfully, creating PHPMailer instance...
[2026-02-20 15:35:04] ERROR_NOTIFICATION: PHPMailer instance created successfully
[2026-02-20 15:35:04] ERROR_NOTIFICATION: Configuring SMTP settings...
[2026-02-20 15:35:04] ERROR_NOTIFICATION: SMTP configured: Host=mail-eu.smtp2go.com, Port=2525, Username=sterp
[2026-02-20 15:35:04] ERROR_NOTIFICATION: Setting email from/to addresses...
[2026-02-20 15:35:04] ERROR_NOTIFICATION: Email addresses set: From=support@sautech.net, To=Helpdesk@sautech.net
[2026-02-20 15:35:04] ERROR_NOTIFICATION: Email prepared - Subject: '[Failed] Michem (1 objects) 1 failed', Recipient: Helpdesk@sautech.net
[2026-02-20 15:35:04] ERROR_NOTIFICATION: Email body length: 37441 characters
[2026-02-20 15:35:04] ERROR_NOTIFICATION: SMTP Host: mail-eu.smtp2go.com, Port: 2525, Username: sterp
[2026-02-20 15:35:04] ERROR_NOTIFICATION: Attempting to send email via SMTP...
[2026-02-20 15:35:06] ERROR_NOTIFICATION: SUCCESS: Error notification sent successfully to Helpdesk@sautech.net
[2026-02-20 15:35:06] ERROR_NOTIFICATION: Email sent with subject: '[Failed] Michem (1 objects) 1 failed'
[2026-02-20 15:35:06] ERROR_NOTIFICATION: === Error Notification Sent Successfully ===
[2026-02-21 06:32:01] ERROR_NOTIFICATION: === Error Notification Check ===
[2026-02-21 06:32:01] ERROR_NOTIFICATION: Received status: 'Error' (length: 5)
[2026-02-21 06:32:01] ERROR_NOTIFICATION: Status (lowercase, trimmed): 'error'
[2026-02-21 06:32:01] ERROR_NOTIFICATION: Status is ERROR or FAILED - proceeding with notification
[2026-02-21 06:32:01] ERROR_NOTIFICATION: Attempting to send error notification for status: 'Error', source: 'CLIENT', subject: '[Failed] RCC-Monique - Job RCC-Reception - Saturday, 21 February 2026 08:30:47'
[2026-02-21 06:32:01] ERROR_NOTIFICATION: Loading PHPMailer library...
[2026-02-21 06:32:01] ERROR_NOTIFICATION: Base directory: /var/www/html/erp
[2026-02-21 06:32:01] ERROR_NOTIFICATION: Current __DIR__: /var/www/html/erp/modules/backup_monitoring/cron
[2026-02-21 06:32:01] ERROR_NOTIFICATION: Attempting to load PHPMailer directly...
[2026-02-21 06:32:01] ERROR_NOTIFICATION: Found PHPMailer.php at: /var/www/html/erp/vendor/phpmailer/phpmailer/src/PHPMailer.php
[2026-02-21 06:32:01] ERROR_NOTIFICATION: PHPMailer class loaded successfully via direct require
[2026-02-21 06:32:01] ERROR_NOTIFICATION: PHPMailer loaded successfully, creating PHPMailer instance...
[2026-02-21 06:32:01] ERROR_NOTIFICATION: PHPMailer instance created successfully
[2026-02-21 06:32:01] ERROR_NOTIFICATION: Configuring SMTP settings...
[2026-02-21 06:32:01] ERROR_NOTIFICATION: SMTP configured: Host=mail-eu.smtp2go.com, Port=2525, Username=sterp
[2026-02-21 06:32:01] ERROR_NOTIFICATION: Setting email from/to addresses...
[2026-02-21 06:32:01] ERROR_NOTIFICATION: Email addresses set: From=support@sautech.net, To=Helpdesk@sautech.net
[2026-02-21 06:32:01] ERROR_NOTIFICATION: Email prepared - Subject: '[Failed] RCC-Monique - Job RCC-Reception - Saturday, 21 February 2026 08:30:47', Recipient: Helpdesk@sautech.net
[2026-02-21 06:32:01] ERROR_NOTIFICATION: Email body length: 10754 characters
[2026-02-21 06:32:01] ERROR_NOTIFICATION: SMTP Host: mail-eu.smtp2go.com, Port: 2525, Username: sterp
[2026-02-21 06:32:01] ERROR_NOTIFICATION: Attempting to send email via SMTP...
[2026-02-21 06:32:03] ERROR_NOTIFICATION: SUCCESS: Error notification sent successfully to Helpdesk@sautech.net
[2026-02-21 06:32:03] ERROR_NOTIFICATION: Email sent with subject: '[Failed] RCC-Monique - Job RCC-Reception - Saturday, 21 February 2026 08:30:47'
[2026-02-21 06:32:03] ERROR_NOTIFICATION: === Error Notification Sent Successfully ===
[2026-02-21 07:39:02] ERROR_NOTIFICATION: === Error Notification Check ===
[2026-02-21 07:39:02] ERROR_NOTIFICATION: Received status: 'Error' (length: 5)
[2026-02-21 07:39:02] ERROR_NOTIFICATION: Status (lowercase, trimmed): 'error'
[2026-02-21 07:39:02] ERROR_NOTIFICATION: Status is ERROR or FAILED - proceeding with notification
[2026-02-21 07:39:02] ERROR_NOTIFICATION: Attempting to send error notification for status: 'Error', source: 'CLIENT', subject: '[Failed] RCC-Bongi - Job RCC-Bongi - Saturday, 21 February 2026 09:30:47'
[2026-02-21 07:39:02] ERROR_NOTIFICATION: Loading PHPMailer library...
[2026-02-21 07:39:02] ERROR_NOTIFICATION: Base directory: /var/www/html/erp
[2026-02-21 07:39:02] ERROR_NOTIFICATION: Current __DIR__: /var/www/html/erp/modules/backup_monitoring/cron
[2026-02-21 07:39:02] ERROR_NOTIFICATION: Attempting to load PHPMailer directly...
[2026-02-21 07:39:02] ERROR_NOTIFICATION: Found PHPMailer.php at: /var/www/html/erp/vendor/phpmailer/phpmailer/src/PHPMailer.php
[2026-02-21 07:39:02] ERROR_NOTIFICATION: PHPMailer class loaded successfully via direct require
[2026-02-21 07:39:02] ERROR_NOTIFICATION: PHPMailer loaded successfully, creating PHPMailer instance...
[2026-02-21 07:39:02] ERROR_NOTIFICATION: PHPMailer instance created successfully
[2026-02-21 07:39:02] ERROR_NOTIFICATION: Configuring SMTP settings...
[2026-02-21 07:39:02] ERROR_NOTIFICATION: SMTP configured: Host=mail-eu.smtp2go.com, Port=2525, Username=sterp
[2026-02-21 07:39:02] ERROR_NOTIFICATION: Setting email from/to addresses...
[2026-02-21 07:39:02] ERROR_NOTIFICATION: Email addresses set: From=support@sautech.net, To=Helpdesk@sautech.net
[2026-02-21 07:39:02] ERROR_NOTIFICATION: Email prepared - Subject: '[Failed] RCC-Bongi - Job RCC-Bongi - Saturday, 21 February 2026 09:30:47', Recipient: Helpdesk@sautech.net
[2026-02-21 07:39:02] ERROR_NOTIFICATION: Email body length: 10723 characters
[2026-02-21 07:39:02] ERROR_NOTIFICATION: SMTP Host: mail-eu.smtp2go.com, Port: 2525, Username: sterp
[2026-02-21 07:39:02] ERROR_NOTIFICATION: Attempting to send email via SMTP...
[2026-02-21 07:39:04] ERROR_NOTIFICATION: SUCCESS: Error notification sent successfully to Helpdesk@sautech.net
[2026-02-21 07:39:04] ERROR_NOTIFICATION: Email sent with subject: '[Failed] RCC-Bongi - Job RCC-Bongi - Saturday, 21 February 2026 09:30:47'
[2026-02-21 07:39:04] ERROR_NOTIFICATION: === Error Notification Sent Successfully ===
[2026-02-21 15:35:05] ERROR_NOTIFICATION: === Error Notification Check ===
[2026-02-21 15:35:05] ERROR_NOTIFICATION: Received status: 'Error' (length: 5)
[2026-02-21 15:35:05] ERROR_NOTIFICATION: Status (lowercase, trimmed): 'error'
[2026-02-21 15:35:05] ERROR_NOTIFICATION: Status is ERROR or FAILED - proceeding with notification
[2026-02-21 15:35:05] ERROR_NOTIFICATION: Attempting to send error notification for status: 'Error', source: 'VEEAM', subject: '[Failed] Michem (1 objects) 1 failed'
[2026-02-21 15:35:05] ERROR_NOTIFICATION: Loading PHPMailer library...
[2026-02-21 15:35:05] ERROR_NOTIFICATION: Base directory: /var/www/html/erp
[2026-02-21 15:35:05] ERROR_NOTIFICATION: Current __DIR__: /var/www/html/erp/modules/backup_monitoring/cron
[2026-02-21 15:35:05] ERROR_NOTIFICATION: Attempting to load PHPMailer directly...
[2026-02-21 15:35:05] ERROR_NOTIFICATION: Found PHPMailer.php at: /var/www/html/erp/vendor/phpmailer/phpmailer/src/PHPMailer.php
[2026-02-21 15:35:05] ERROR_NOTIFICATION: PHPMailer class loaded successfully via direct require
[2026-02-21 15:35:05] ERROR_NOTIFICATION: PHPMailer loaded successfully, creating PHPMailer instance...
[2026-02-21 15:35:05] ERROR_NOTIFICATION: PHPMailer instance created successfully
[2026-02-21 15:35:05] ERROR_NOTIFICATION: Configuring SMTP settings...
[2026-02-21 15:35:05] ERROR_NOTIFICATION: SMTP configured: Host=mail-eu.smtp2go.com, Port=2525, Username=sterp
[2026-02-21 15:35:05] ERROR_NOTIFICATION: Setting email from/to addresses...
[2026-02-21 15:35:05] ERROR_NOTIFICATION: Email addresses set: From=support@sautech.net, To=Helpdesk@sautech.net
[2026-02-21 15:35:05] ERROR_NOTIFICATION: Email prepared - Subject: '[Failed] Michem (1 objects) 1 failed', Recipient: Helpdesk@sautech.net
[2026-02-21 15:35:05] ERROR_NOTIFICATION: Email body length: 37445 characters
[2026-02-21 15:35:05] ERROR_NOTIFICATION: SMTP Host: mail-eu.smtp2go.com, Port: 2525, Username: sterp
[2026-02-21 15:35:05] ERROR_NOTIFICATION: Attempting to send email via SMTP...
[2026-02-21 15:35:07] ERROR_NOTIFICATION: SUCCESS: Error notification sent successfully to Helpdesk@sautech.net
[2026-02-21 15:35:07] ERROR_NOTIFICATION: Email sent with subject: '[Failed] Michem (1 objects) 1 failed'
[2026-02-21 15:35:07] ERROR_NOTIFICATION: === Error Notification Sent Successfully ===
[2026-02-22 15:35:04] ERROR_NOTIFICATION: === Error Notification Check ===
[2026-02-22 15:35:04] ERROR_NOTIFICATION: Received status: 'Error' (length: 5)
[2026-02-22 15:35:04] ERROR_NOTIFICATION: Status (lowercase, trimmed): 'error'
[2026-02-22 15:35:04] ERROR_NOTIFICATION: Status is ERROR or FAILED - proceeding with notification
[2026-02-22 15:35:04] ERROR_NOTIFICATION: Attempting to send error notification for status: 'Error', source: 'VEEAM', subject: '[Failed] Michem (1 objects) 1 failed'
[2026-02-22 15:35:04] ERROR_NOTIFICATION: Loading PHPMailer library...
[2026-02-22 15:35:04] ERROR_NOTIFICATION: Base directory: /var/www/html/erp
[2026-02-22 15:35:04] ERROR_NOTIFICATION: Current __DIR__: /var/www/html/erp/modules/backup_monitoring/cron
[2026-02-22 15:35:04] ERROR_NOTIFICATION: Attempting to load PHPMailer directly...
[2026-02-22 15:35:04] ERROR_NOTIFICATION: Found PHPMailer.php at: /var/www/html/erp/vendor/phpmailer/phpmailer/src/PHPMailer.php
[2026-02-22 15:35:04] ERROR_NOTIFICATION: PHPMailer class loaded successfully via direct require
[2026-02-22 15:35:04] ERROR_NOTIFICATION: PHPMailer loaded successfully, creating PHPMailer instance...
[2026-02-22 15:35:04] ERROR_NOTIFICATION: PHPMailer instance created successfully
[2026-02-22 15:35:04] ERROR_NOTIFICATION: Configuring SMTP settings...
[2026-02-22 15:35:04] ERROR_NOTIFICATION: SMTP configured: Host=mail-eu.smtp2go.com, Port=2525, Username=sterp
[2026-02-22 15:35:04] ERROR_NOTIFICATION: Setting email from/to addresses...
[2026-02-22 15:35:04] ERROR_NOTIFICATION: Email addresses set: From=support@sautech.net, To=Helpdesk@sautech.net
[2026-02-22 15:35:04] ERROR_NOTIFICATION: Email prepared - Subject: '[Failed] Michem (1 objects) 1 failed', Recipient: Helpdesk@sautech.net
[2026-02-22 15:35:04] ERROR_NOTIFICATION: Email body length: 37441 characters
[2026-02-22 15:35:04] ERROR_NOTIFICATION: SMTP Host: mail-eu.smtp2go.com, Port: 2525, Username: sterp
[2026-02-22 15:35:04] ERROR_NOTIFICATION: Attempting to send email via SMTP...
[2026-02-22 15:35:07] ERROR_NOTIFICATION: SUCCESS: Error notification sent successfully to Helpdesk@sautech.net
[2026-02-22 15:35:07] ERROR_NOTIFICATION: Email sent with subject: '[Failed] Michem (1 objects) 1 failed'
[2026-02-22 15:35:07] ERROR_NOTIFICATION: === Error Notification Sent Successfully ===
[2026-02-22 16:43:04] ERROR_NOTIFICATION: === Error Notification Check ===
[2026-02-22 16:43:04] ERROR_NOTIFICATION: Received status: 'Error' (length: 5)
[2026-02-22 16:43:04] ERROR_NOTIFICATION: Status (lowercase, trimmed): 'error'
[2026-02-22 16:43:04] ERROR_NOTIFICATION: Status is ERROR or FAILED - proceeding with notification
[2026-02-22 16:43:04] ERROR_NOTIFICATION: Attempting to send error notification for status: 'Error', source: 'VEEAM', subject: '[Failed] Eroute (5 objects) 2 failed'
[2026-02-22 16:43:04] ERROR_NOTIFICATION: Loading PHPMailer library...
[2026-02-22 16:43:04] ERROR_NOTIFICATION: Base directory: /var/www/html/erp
[2026-02-22 16:43:04] ERROR_NOTIFICATION: Current __DIR__: /var/www/html/erp/modules/backup_monitoring/cron
[2026-02-22 16:43:04] ERROR_NOTIFICATION: Attempting to load PHPMailer directly...
[2026-02-22 16:43:04] ERROR_NOTIFICATION: Found PHPMailer.php at: /var/www/html/erp/vendor/phpmailer/phpmailer/src/PHPMailer.php
[2026-02-22 16:43:04] ERROR_NOTIFICATION: PHPMailer class loaded successfully via direct require
[2026-02-22 16:43:04] ERROR_NOTIFICATION: PHPMailer loaded successfully, creating PHPMailer instance...
[2026-02-22 16:43:04] ERROR_NOTIFICATION: PHPMailer instance created successfully
[2026-02-22 16:43:04] ERROR_NOTIFICATION: Configuring SMTP settings...
[2026-02-22 16:43:04] ERROR_NOTIFICATION: SMTP configured: Host=mail-eu.smtp2go.com, Port=2525, Username=sterp
[2026-02-22 16:43:04] ERROR_NOTIFICATION: Setting email from/to addresses...
[2026-02-22 16:43:04] ERROR_NOTIFICATION: Email addresses set: From=support@sautech.net, To=Helpdesk@sautech.net
[2026-02-22 16:43:04] ERROR_NOTIFICATION: Email prepared - Subject: '[Failed] Eroute (5 objects) 2 failed', Recipient: Helpdesk@sautech.net
[2026-02-22 16:43:04] ERROR_NOTIFICATION: Email body length: 49501 characters
[2026-02-22 16:43:04] ERROR_NOTIFICATION: SMTP Host: mail-eu.smtp2go.com, Port: 2525, Username: sterp
[2026-02-22 16:43:04] ERROR_NOTIFICATION: Attempting to send email via SMTP...
[2026-02-22 16:43:06] ERROR_NOTIFICATION: SUCCESS: Error notification sent successfully to Helpdesk@sautech.net
[2026-02-22 16:43:06] ERROR_NOTIFICATION: Email sent with subject: '[Failed] Eroute (5 objects) 2 failed'
[2026-02-22 16:43:06] ERROR_NOTIFICATION: === Error Notification Sent Successfully ===
[2026-02-23 06:43:01] ERROR_NOTIFICATION: === Error Notification Check ===
[2026-02-23 06:43:01] ERROR_NOTIFICATION: Received status: 'Error' (length: 5)
[2026-02-23 06:43:01] ERROR_NOTIFICATION: Status (lowercase, trimmed): 'error'
[2026-02-23 06:43:01] ERROR_NOTIFICATION: Status is ERROR or FAILED - proceeding with notification
[2026-02-23 06:43:01] ERROR_NOTIFICATION: Attempting to send error notification for status: 'Error', source: 'CLIENT', subject: '[Failed] RCC-Monique - Job RCC-Reception - Monday, 23 February 2026 08:40:45'
[2026-02-23 06:43:01] ERROR_NOTIFICATION: Loading PHPMailer library...
[2026-02-23 06:43:01] ERROR_NOTIFICATION: Base directory: /var/www/html/erp
[2026-02-23 06:43:01] ERROR_NOTIFICATION: Current __DIR__: /var/www/html/erp/modules/backup_monitoring/cron
[2026-02-23 06:43:01] ERROR_NOTIFICATION: Attempting to load PHPMailer directly...
[2026-02-23 06:43:01] ERROR_NOTIFICATION: Found PHPMailer.php at: /var/www/html/erp/vendor/phpmailer/phpmailer/src/PHPMailer.php
[2026-02-23 06:43:01] ERROR_NOTIFICATION: PHPMailer class loaded successfully via direct require
[2026-02-23 06:43:01] ERROR_NOTIFICATION: PHPMailer loaded successfully, creating PHPMailer instance...
[2026-02-23 06:43:01] ERROR_NOTIFICATION: PHPMailer instance created successfully
[2026-02-23 06:43:01] ERROR_NOTIFICATION: Configuring SMTP settings...
[2026-02-23 06:43:01] ERROR_NOTIFICATION: SMTP configured: Host=mail-eu.smtp2go.com, Port=2525, Username=sterp
[2026-02-23 06:43:01] ERROR_NOTIFICATION: Setting email from/to addresses...
[2026-02-23 06:43:01] ERROR_NOTIFICATION: Email addresses set: From=support@sautech.net, To=Helpdesk@sautech.net
[2026-02-23 06:43:01] ERROR_NOTIFICATION: Email prepared - Subject: '[Failed] RCC-Monique - Job RCC-Reception - Monday, 23 February 2026 08:40:45', Recipient: Helpdesk@sautech.net
[2026-02-23 06:43:01] ERROR_NOTIFICATION: Email body length: 10733 characters
[2026-02-23 06:43:01] ERROR_NOTIFICATION: SMTP Host: mail-eu.smtp2go.com, Port: 2525, Username: sterp
[2026-02-23 06:43:01] ERROR_NOTIFICATION: Attempting to send email via SMTP...
[2026-02-23 06:43:03] ERROR_NOTIFICATION: SUCCESS: Error notification sent successfully to Helpdesk@sautech.net
[2026-02-23 06:43:03] ERROR_NOTIFICATION: Email sent with subject: '[Failed] RCC-Monique - Job RCC-Reception - Monday, 23 February 2026 08:40:45'
[2026-02-23 06:43:03] ERROR_NOTIFICATION: === Error Notification Sent Successfully ===
[2026-02-23 07:39:02] ERROR_NOTIFICATION: === Error Notification Check ===
[2026-02-23 07:39:02] ERROR_NOTIFICATION: Received status: 'Error' (length: 5)
[2026-02-23 07:39:02] ERROR_NOTIFICATION: Status (lowercase, trimmed): 'error'
[2026-02-23 07:39:02] ERROR_NOTIFICATION: Status is ERROR or FAILED - proceeding with notification
[2026-02-23 07:39:02] ERROR_NOTIFICATION: Attempting to send error notification for status: 'Error', source: 'CLIENT', subject: '[Failed] RCC-Bongi - Job RCC-Bongi - Monday, 23 February 2026 09:30:53'
[2026-02-23 07:39:02] ERROR_NOTIFICATION: Loading PHPMailer library...
[2026-02-23 07:39:02] ERROR_NOTIFICATION: Base directory: /var/www/html/erp
[2026-02-23 07:39:02] ERROR_NOTIFICATION: Current __DIR__: /var/www/html/erp/modules/backup_monitoring/cron
[2026-02-23 07:39:02] ERROR_NOTIFICATION: Attempting to load PHPMailer directly...
[2026-02-23 07:39:02] ERROR_NOTIFICATION: Found PHPMailer.php at: /var/www/html/erp/vendor/phpmailer/phpmailer/src/PHPMailer.php
[2026-02-23 07:39:02] ERROR_NOTIFICATION: PHPMailer class loaded successfully via direct require
[2026-02-23 07:39:02] ERROR_NOTIFICATION: PHPMailer loaded successfully, creating PHPMailer instance...
[2026-02-23 07:39:02] ERROR_NOTIFICATION: PHPMailer instance created successfully
[2026-02-23 07:39:02] ERROR_NOTIFICATION: Configuring SMTP settings...
[2026-02-23 07:39:02] ERROR_NOTIFICATION: SMTP configured: Host=mail-eu.smtp2go.com, Port=2525, Username=sterp
[2026-02-23 07:39:02] ERROR_NOTIFICATION: Setting email from/to addresses...
[2026-02-23 07:39:02] ERROR_NOTIFICATION: Email addresses set: From=support@sautech.net, To=Helpdesk@sautech.net
[2026-02-23 07:39:02] ERROR_NOTIFICATION: Email prepared - Subject: '[Failed] RCC-Bongi - Job RCC-Bongi - Monday, 23 February 2026 09:30:53', Recipient: Helpdesk@sautech.net
[2026-02-23 07:39:02] ERROR_NOTIFICATION: Email body length: 10740 characters
[2026-02-23 07:39:02] ERROR_NOTIFICATION: SMTP Host: mail-eu.smtp2go.com, Port: 2525, Username: sterp
[2026-02-23 07:39:02] ERROR_NOTIFICATION: Attempting to send email via SMTP...
[2026-02-23 07:39:05] ERROR_NOTIFICATION: SUCCESS: Error notification sent successfully to Helpdesk@sautech.net
[2026-02-23 07:39:05] ERROR_NOTIFICATION: Email sent with subject: '[Failed] RCC-Bongi - Job RCC-Bongi - Monday, 23 February 2026 09:30:53'
[2026-02-23 07:39:05] ERROR_NOTIFICATION: === Error Notification Sent Successfully ===
[2026-02-23 08:02:01] ERROR_NOTIFICATION: === Error Notification Check ===
[2026-02-23 08:02:01] ERROR_NOTIFICATION: Received status: 'Error' (length: 5)
[2026-02-23 08:02:01] ERROR_NOTIFICATION: Status (lowercase, trimmed): 'error'
[2026-02-23 08:02:01] ERROR_NOTIFICATION: Status is ERROR or FAILED - proceeding with notification
[2026-02-23 08:02:01] ERROR_NOTIFICATION: Attempting to send error notification for status: 'Error', source: 'CLIENT', subject: '[Failed] RCC-Megan-HP2026 - Job RCC-Megan-HP2026 - Monday, 23 February 2026 10:00:28'
[2026-02-23 08:02:01] ERROR_NOTIFICATION: Loading PHPMailer library...
[2026-02-23 08:02:01] ERROR_NOTIFICATION: Base directory: /var/www/html/erp
[2026-02-23 08:02:01] ERROR_NOTIFICATION: Current __DIR__: /var/www/html/erp/modules/backup_monitoring/cron
[2026-02-23 08:02:01] ERROR_NOTIFICATION: Attempting to load PHPMailer directly...
[2026-02-23 08:02:01] ERROR_NOTIFICATION: Found PHPMailer.php at: /var/www/html/erp/vendor/phpmailer/phpmailer/src/PHPMailer.php
[2026-02-23 08:02:01] ERROR_NOTIFICATION: PHPMailer class loaded successfully via direct require
[2026-02-23 08:02:01] ERROR_NOTIFICATION: PHPMailer loaded successfully, creating PHPMailer instance...
[2026-02-23 08:02:01] ERROR_NOTIFICATION: PHPMailer instance created successfully
[2026-02-23 08:02:01] ERROR_NOTIFICATION: Configuring SMTP settings...
[2026-02-23 08:02:01] ERROR_NOTIFICATION: SMTP configured: Host=mail-eu.smtp2go.com, Port=2525, Username=sterp
[2026-02-23 08:02:01] ERROR_NOTIFICATION: Setting email from/to addresses...
[2026-02-23 08:02:01] ERROR_NOTIFICATION: Email addresses set: From=support@sautech.net, To=Helpdesk@sautech.net
[2026-02-23 08:02:01] ERROR_NOTIFICATION: Email prepared - Subject: '[Failed] RCC-Megan-HP2026 - Job RCC-Megan-HP2026 - Monday, 23 February 2026 10:00:28', Recipient: Helpdesk@sautech.net
[2026-02-23 08:02:01] ERROR_NOTIFICATION: Email body length: 10743 characters
[2026-02-23 08:02:01] ERROR_NOTIFICATION: SMTP Host: mail-eu.smtp2go.com, Port: 2525, Username: sterp
[2026-02-23 08:02:01] ERROR_NOTIFICATION: Attempting to send email via SMTP...
[2026-02-23 08:02:32] ERROR_NOTIFICATION: EXCEPTION: Error notification exception: SMTP Error: Could not connect to SMTP host. Failed to connect to server
[2026-02-23 15:36:04] ERROR_NOTIFICATION: === Error Notification Check ===
[2026-02-23 15:36:04] ERROR_NOTIFICATION: Received status: 'Error' (length: 5)
[2026-02-23 15:36:04] ERROR_NOTIFICATION: Status (lowercase, trimmed): 'error'
[2026-02-23 15:36:04] ERROR_NOTIFICATION: Status is ERROR or FAILED - proceeding with notification
[2026-02-23 15:36:04] ERROR_NOTIFICATION: Attempting to send error notification for status: 'Error', source: 'VEEAM', subject: '[Failed] Michem (1 objects) 1 failed'
[2026-02-23 15:36:04] ERROR_NOTIFICATION: Loading PHPMailer library...
[2026-02-23 15:36:04] ERROR_NOTIFICATION: Base directory: /var/www/html/erp
[2026-02-23 15:36:04] ERROR_NOTIFICATION: Current __DIR__: /var/www/html/erp/modules/backup_monitoring/cron
[2026-02-23 15:36:04] ERROR_NOTIFICATION: Attempting to load PHPMailer directly...
[2026-02-23 15:36:04] ERROR_NOTIFICATION: Found PHPMailer.php at: /var/www/html/erp/vendor/phpmailer/phpmailer/src/PHPMailer.php
[2026-02-23 15:36:04] ERROR_NOTIFICATION: PHPMailer class loaded successfully via direct require
[2026-02-23 15:36:04] ERROR_NOTIFICATION: PHPMailer loaded successfully, creating PHPMailer instance...
[2026-02-23 15:36:04] ERROR_NOTIFICATION: PHPMailer instance created successfully
[2026-02-23 15:36:04] ERROR_NOTIFICATION: Configuring SMTP settings...
[2026-02-23 15:36:04] ERROR_NOTIFICATION: SMTP configured: Host=mail-eu.smtp2go.com, Port=2525, Username=sterp
[2026-02-23 15:36:04] ERROR_NOTIFICATION: Setting email from/to addresses...
[2026-02-23 15:36:04] ERROR_NOTIFICATION: Email addresses set: From=support@sautech.net, To=Helpdesk@sautech.net
[2026-02-23 15:36:04] ERROR_NOTIFICATION: Email prepared - Subject: '[Failed] Michem (1 objects) 1 failed', Recipient: Helpdesk@sautech.net
[2026-02-23 15:36:04] ERROR_NOTIFICATION: Email body length: 37441 characters
[2026-02-23 15:36:04] ERROR_NOTIFICATION: SMTP Host: mail-eu.smtp2go.com, Port: 2525, Username: sterp
[2026-02-23 15:36:04] ERROR_NOTIFICATION: Attempting to send email via SMTP...
[2026-02-23 15:36:06] ERROR_NOTIFICATION: SUCCESS: Error notification sent successfully to Helpdesk@sautech.net
[2026-02-23 15:36:06] ERROR_NOTIFICATION: Email sent with subject: '[Failed] Michem (1 objects) 1 failed'
[2026-02-23 15:36:06] ERROR_NOTIFICATION: === Error Notification Sent Successfully ===
[2026-02-23 16:47:05] ERROR_NOTIFICATION: === Error Notification Check ===
[2026-02-23 16:47:05] ERROR_NOTIFICATION: Received status: 'Error' (length: 5)
[2026-02-23 16:47:05] ERROR_NOTIFICATION: Status (lowercase, trimmed): 'error'
[2026-02-23 16:47:05] ERROR_NOTIFICATION: Status is ERROR or FAILED - proceeding with notification
[2026-02-23 16:47:05] ERROR_NOTIFICATION: Attempting to send error notification for status: 'Error', source: 'VEEAM', subject: '[Failed] Eroute (5 objects) 2 failed'
[2026-02-23 16:47:05] ERROR_NOTIFICATION: Loading PHPMailer library...
[2026-02-23 16:47:05] ERROR_NOTIFICATION: Base directory: /var/www/html/erp
[2026-02-23 16:47:05] ERROR_NOTIFICATION: Current __DIR__: /var/www/html/erp/modules/backup_monitoring/cron
[2026-02-23 16:47:05] ERROR_NOTIFICATION: Attempting to load PHPMailer directly...
[2026-02-23 16:47:05] ERROR_NOTIFICATION: Found PHPMailer.php at: /var/www/html/erp/vendor/phpmailer/phpmailer/src/PHPMailer.php
[2026-02-23 16:47:05] ERROR_NOTIFICATION: PHPMailer class loaded successfully via direct require
[2026-02-23 16:47:05] ERROR_NOTIFICATION: PHPMailer loaded successfully, creating PHPMailer instance...
[2026-02-23 16:47:05] ERROR_NOTIFICATION: PHPMailer instance created successfully
[2026-02-23 16:47:05] ERROR_NOTIFICATION: Configuring SMTP settings...
[2026-02-23 16:47:05] ERROR_NOTIFICATION: SMTP configured: Host=mail-eu.smtp2go.com, Port=2525, Username=sterp
[2026-02-23 16:47:05] ERROR_NOTIFICATION: Setting email from/to addresses...
[2026-02-23 16:47:05] ERROR_NOTIFICATION: Email addresses set: From=support@sautech.net, To=Helpdesk@sautech.net
[2026-02-23 16:47:05] ERROR_NOTIFICATION: Email prepared - Subject: '[Failed] Eroute (5 objects) 2 failed', Recipient: Helpdesk@sautech.net
[2026-02-23 16:47:05] ERROR_NOTIFICATION: Email body length: 50130 characters
[2026-02-23 16:47:05] ERROR_NOTIFICATION: SMTP Host: mail-eu.smtp2go.com, Port: 2525, Username: sterp
[2026-02-23 16:47:05] ERROR_NOTIFICATION: Attempting to send email via SMTP...
[2026-02-23 16:47:07] ERROR_NOTIFICATION: SUCCESS: Error notification sent successfully to Helpdesk@sautech.net
[2026-02-23 16:47:07] ERROR_NOTIFICATION: Email sent with subject: '[Failed] Eroute (5 objects) 2 failed'
[2026-02-23 16:47:07] ERROR_NOTIFICATION: === Error Notification Sent Successfully ===
[2026-02-24 05:48:01] ERROR_NOTIFICATION: === Error Notification Check ===
[2026-02-24 05:48:01] ERROR_NOTIFICATION: Received status: 'Error' (length: 5)
[2026-02-24 05:48:01] ERROR_NOTIFICATION: Status (lowercase, trimmed): 'error'
[2026-02-24 05:48:01] ERROR_NOTIFICATION: Status is ERROR or FAILED - proceeding with notification
[2026-02-24 05:48:01] ERROR_NOTIFICATION: Attempting to send error notification for status: 'Error', source: 'CLIENT', subject: '[Failed] RCC-Monique - Job RCC-Reception - Tuesday, 24 February 2026 07:46:03'
[2026-02-24 05:48:01] ERROR_NOTIFICATION: Loading PHPMailer library...
[2026-02-24 05:48:01] ERROR_NOTIFICATION: Base directory: /var/www/html/erp
[2026-02-24 05:48:01] ERROR_NOTIFICATION: Current __DIR__: /var/www/html/erp/modules/backup_monitoring/cron
[2026-02-24 05:48:01] ERROR_NOTIFICATION: Attempting to load PHPMailer directly...
[2026-02-24 05:48:01] ERROR_NOTIFICATION: Found PHPMailer.php at: /var/www/html/erp/vendor/phpmailer/phpmailer/src/PHPMailer.php
[2026-02-24 05:48:01] ERROR_NOTIFICATION: PHPMailer class loaded successfully via direct require
[2026-02-24 05:48:01] ERROR_NOTIFICATION: PHPMailer loaded successfully, creating PHPMailer instance...
[2026-02-24 05:48:01] ERROR_NOTIFICATION: PHPMailer instance created successfully
[2026-02-24 05:48:01] ERROR_NOTIFICATION: Configuring SMTP settings...
[2026-02-24 05:48:01] ERROR_NOTIFICATION: SMTP configured: Host=mail-eu.smtp2go.com, Port=2525, Username=sterp
[2026-02-24 05:48:01] ERROR_NOTIFICATION: Setting email from/to addresses...
[2026-02-24 05:48:01] ERROR_NOTIFICATION: Email addresses set: From=support@sautech.net, To=Helpdesk@sautech.net
[2026-02-24 05:48:01] ERROR_NOTIFICATION: Email prepared - Subject: '[Failed] RCC-Monique - Job RCC-Reception - Tuesday, 24 February 2026 07:46:03', Recipient: Helpdesk@sautech.net
[2026-02-24 05:48:01] ERROR_NOTIFICATION: Email body length: 10734 characters
[2026-02-24 05:48:01] ERROR_NOTIFICATION: SMTP Host: mail-eu.smtp2go.com, Port: 2525, Username: sterp
[2026-02-24 05:48:01] ERROR_NOTIFICATION: Attempting to send email via SMTP...
[2026-02-24 05:48:03] ERROR_NOTIFICATION: SUCCESS: Error notification sent successfully to Helpdesk@sautech.net
[2026-02-24 05:48:03] ERROR_NOTIFICATION: Email sent with subject: '[Failed] RCC-Monique - Job RCC-Reception - Tuesday, 24 February 2026 07:46:03'
[2026-02-24 05:48:03] ERROR_NOTIFICATION: === Error Notification Sent Successfully ===
[2026-02-24 06:32:02] ERROR_NOTIFICATION: === Error Notification Check ===
[2026-02-24 06:32:02] ERROR_NOTIFICATION: Received status: 'Error' (length: 5)
[2026-02-24 06:32:02] ERROR_NOTIFICATION: Status (lowercase, trimmed): 'error'
[2026-02-24 06:32:02] ERROR_NOTIFICATION: Status is ERROR or FAILED - proceeding with notification
[2026-02-24 06:32:02] ERROR_NOTIFICATION: Attempting to send error notification for status: 'Error', source: 'CLIENT', subject: '[Failed] RCC-Monique - Job RCC-Reception - Tuesday, 24 February 2026 08:30:49'
[2026-02-24 06:32:02] ERROR_NOTIFICATION: Loading PHPMailer library...
[2026-02-24 06:32:02] ERROR_NOTIFICATION: Base directory: /var/www/html/erp
[2026-02-24 06:32:02] ERROR_NOTIFICATION: Current __DIR__: /var/www/html/erp/modules/backup_monitoring/cron
[2026-02-24 06:32:02] ERROR_NOTIFICATION: Attempting to load PHPMailer directly...
[2026-02-24 06:32:02] ERROR_NOTIFICATION: Found PHPMailer.php at: /var/www/html/erp/vendor/phpmailer/phpmailer/src/PHPMailer.php
[2026-02-24 06:32:02] ERROR_NOTIFICATION: PHPMailer class loaded successfully via direct require
[2026-02-24 06:32:02] ERROR_NOTIFICATION: PHPMailer loaded successfully, creating PHPMailer instance...
[2026-02-24 06:32:02] ERROR_NOTIFICATION: PHPMailer instance created successfully
[2026-02-24 06:32:02] ERROR_NOTIFICATION: Configuring SMTP settings...
[2026-02-24 06:32:02] ERROR_NOTIFICATION: SMTP configured: Host=mail-eu.smtp2go.com, Port=2525, Username=sterp
[2026-02-24 06:32:02] ERROR_NOTIFICATION: Setting email from/to addresses...
[2026-02-24 06:32:02] ERROR_NOTIFICATION: Email addresses set: From=support@sautech.net, To=Helpdesk@sautech.net
[2026-02-24 06:32:02] ERROR_NOTIFICATION: Email prepared - Subject: '[Failed] RCC-Monique - Job RCC-Reception - Tuesday, 24 February 2026 08:30:49', Recipient: Helpdesk@sautech.net
[2026-02-24 06:32:02] ERROR_NOTIFICATION: Email body length: 10734 characters
[2026-02-24 06:32:02] ERROR_NOTIFICATION: SMTP Host: mail-eu.smtp2go.com, Port: 2525, Username: sterp
[2026-02-24 06:32:02] ERROR_NOTIFICATION: Attempting to send email via SMTP...
[2026-02-24 06:32:04] ERROR_NOTIFICATION: SUCCESS: Error notification sent successfully to Helpdesk@sautech.net
[2026-02-24 06:32:04] ERROR_NOTIFICATION: Email sent with subject: '[Failed] RCC-Monique - Job RCC-Reception - Tuesday, 24 February 2026 08:30:49'
[2026-02-24 06:32:04] ERROR_NOTIFICATION: === Error Notification Sent Successfully ===
[2026-02-24 06:56:01] ERROR_NOTIFICATION: === Error Notification Check ===
[2026-02-24 06:56:01] ERROR_NOTIFICATION: Received status: 'Error' (length: 5)
[2026-02-24 06:56:01] ERROR_NOTIFICATION: Status (lowercase, trimmed): 'error'
[2026-02-24 06:56:01] ERROR_NOTIFICATION: Status is ERROR or FAILED - proceeding with notification
[2026-02-24 06:56:01] ERROR_NOTIFICATION: Attempting to send error notification for status: 'Error', source: 'CLIENT', subject: 'RCC-Carmen-DailyBackup'
[2026-02-24 06:56:01] ERROR_NOTIFICATION: Loading PHPMailer library...
[2026-02-24 06:56:01] ERROR_NOTIFICATION: Base directory: /var/www/html/erp
[2026-02-24 06:56:01] ERROR_NOTIFICATION: Current __DIR__: /var/www/html/erp/modules/backup_monitoring/cron
[2026-02-24 06:56:01] ERROR_NOTIFICATION: Attempting to load PHPMailer directly...
[2026-02-24 06:56:01] ERROR_NOTIFICATION: Found PHPMailer.php at: /var/www/html/erp/vendor/phpmailer/phpmailer/src/PHPMailer.php
[2026-02-24 06:56:01] ERROR_NOTIFICATION: PHPMailer class loaded successfully via direct require
[2026-02-24 06:56:01] ERROR_NOTIFICATION: PHPMailer loaded successfully, creating PHPMailer instance...
[2026-02-24 06:56:01] ERROR_NOTIFICATION: PHPMailer instance created successfully
[2026-02-24 06:56:01] ERROR_NOTIFICATION: Configuring SMTP settings...
[2026-02-24 06:56:01] ERROR_NOTIFICATION: SMTP configured: Host=mail-eu.smtp2go.com, Port=2525, Username=sterp
[2026-02-24 06:56:01] ERROR_NOTIFICATION: Setting email from/to addresses...
[2026-02-24 06:56:01] ERROR_NOTIFICATION: Email addresses set: From=support@sautech.net, To=Helpdesk@sautech.net
[2026-02-24 06:56:01] ERROR_NOTIFICATION: Email prepared - Subject: 'RCC-Carmen-DailyBackup', Recipient: Helpdesk@sautech.net
[2026-02-24 06:56:01] ERROR_NOTIFICATION: Email body length: 10808 characters
[2026-02-24 06:56:01] ERROR_NOTIFICATION: SMTP Host: mail-eu.smtp2go.com, Port: 2525, Username: sterp
[2026-02-24 06:56:01] ERROR_NOTIFICATION: Attempting to send email via SMTP...
[2026-02-24 06:56:04] ERROR_NOTIFICATION: SUCCESS: Error notification sent successfully to Helpdesk@sautech.net
[2026-02-24 06:56:04] ERROR_NOTIFICATION: Email sent with subject: 'RCC-Carmen-DailyBackup'
[2026-02-24 06:56:04] ERROR_NOTIFICATION: === Error Notification Sent Successfully ===
[2026-02-24 07:39:02] ERROR_NOTIFICATION: === Error Notification Check ===
[2026-02-24 07:39:02] ERROR_NOTIFICATION: Received status: 'Error' (length: 5)
[2026-02-24 07:39:02] ERROR_NOTIFICATION: Status (lowercase, trimmed): 'error'
[2026-02-24 07:39:02] ERROR_NOTIFICATION: Status is ERROR or FAILED - proceeding with notification
[2026-02-24 07:39:02] ERROR_NOTIFICATION: Attempting to send error notification for status: 'Error', source: 'CLIENT', subject: '[Failed] RCC-Bongi - Job RCC-Bongi - Tuesday, 24 February 2026 09:30:47'
[2026-02-24 07:39:02] ERROR_NOTIFICATION: Loading PHPMailer library...
[2026-02-24 07:39:02] ERROR_NOTIFICATION: Base directory: /var/www/html/erp
[2026-02-24 07:39:02] ERROR_NOTIFICATION: Current __DIR__: /var/www/html/erp/modules/backup_monitoring/cron
[2026-02-24 07:39:02] ERROR_NOTIFICATION: Attempting to load PHPMailer directly...
[2026-02-24 07:39:02] ERROR_NOTIFICATION: Found PHPMailer.php at: /var/www/html/erp/vendor/phpmailer/phpmailer/src/PHPMailer.php
[2026-02-24 07:39:02] ERROR_NOTIFICATION: PHPMailer class loaded successfully via direct require
[2026-02-24 07:39:02] ERROR_NOTIFICATION: PHPMailer loaded successfully, creating PHPMailer instance...
[2026-02-24 07:39:02] ERROR_NOTIFICATION: PHPMailer instance created successfully
[2026-02-24 07:39:02] ERROR_NOTIFICATION: Configuring SMTP settings...
[2026-02-24 07:39:02] ERROR_NOTIFICATION: SMTP configured: Host=mail-eu.smtp2go.com, Port=2525, Username=sterp
[2026-02-24 07:39:02] ERROR_NOTIFICATION: Setting email from/to addresses...
[2026-02-24 07:39:02] ERROR_NOTIFICATION: Email addresses set: From=support@sautech.net, To=Helpdesk@sautech.net
[2026-02-24 07:39:02] ERROR_NOTIFICATION: Email prepared - Subject: '[Failed] RCC-Bongi - Job RCC-Bongi - Tuesday, 24 February 2026 09:30:47', Recipient: Helpdesk@sautech.net
[2026-02-24 07:39:02] ERROR_NOTIFICATION: Email body length: 10741 characters
[2026-02-24 07:39:02] ERROR_NOTIFICATION: SMTP Host: mail-eu.smtp2go.com, Port: 2525, Username: sterp
[2026-02-24 07:39:02] ERROR_NOTIFICATION: Attempting to send email via SMTP...
[2026-02-24 07:39:04] ERROR_NOTIFICATION: SUCCESS: Error notification sent successfully to Helpdesk@sautech.net
[2026-02-24 07:39:04] ERROR_NOTIFICATION: Email sent with subject: '[Failed] RCC-Bongi - Job RCC-Bongi - Tuesday, 24 February 2026 09:30:47'
[2026-02-24 07:39:04] ERROR_NOTIFICATION: === Error Notification Sent Successfully ===
[2026-02-24 08:02:02] ERROR_NOTIFICATION: === Error Notification Check ===
[2026-02-24 08:02:02] ERROR_NOTIFICATION: Received status: 'Error' (length: 5)
[2026-02-24 08:02:02] ERROR_NOTIFICATION: Status (lowercase, trimmed): 'error'
[2026-02-24 08:02:02] ERROR_NOTIFICATION: Status is ERROR or FAILED - proceeding with notification
[2026-02-24 08:02:02] ERROR_NOTIFICATION: Attempting to send error notification for status: 'Error', source: 'CLIENT', subject: 'RCC-Carmen-DailyBackup'
[2026-02-24 08:02:02] ERROR_NOTIFICATION: Loading PHPMailer library...
[2026-02-24 08:02:02] ERROR_NOTIFICATION: Base directory: /var/www/html/erp
[2026-02-24 08:02:02] ERROR_NOTIFICATION: Current __DIR__: /var/www/html/erp/modules/backup_monitoring/cron
[2026-02-24 08:02:02] ERROR_NOTIFICATION: Attempting to load PHPMailer directly...
[2026-02-24 08:02:02] ERROR_NOTIFICATION: Found PHPMailer.php at: /var/www/html/erp/vendor/phpmailer/phpmailer/src/PHPMailer.php
[2026-02-24 08:02:02] ERROR_NOTIFICATION: PHPMailer class loaded successfully via direct require
[2026-02-24 08:02:02] ERROR_NOTIFICATION: PHPMailer loaded successfully, creating PHPMailer instance...
[2026-02-24 08:02:02] ERROR_NOTIFICATION: PHPMailer instance created successfully
[2026-02-24 08:02:02] ERROR_NOTIFICATION: Configuring SMTP settings...
[2026-02-24 08:02:02] ERROR_NOTIFICATION: SMTP configured: Host=mail-eu.smtp2go.com, Port=2525, Username=sterp
[2026-02-24 08:02:02] ERROR_NOTIFICATION: Setting email from/to addresses...
[2026-02-24 08:02:02] ERROR_NOTIFICATION: Email addresses set: From=support@sautech.net, To=Helpdesk@sautech.net
[2026-02-24 08:02:02] ERROR_NOTIFICATION: Email prepared - Subject: 'RCC-Carmen-DailyBackup', Recipient: Helpdesk@sautech.net
[2026-02-24 08:02:02] ERROR_NOTIFICATION: Email body length: 10808 characters
[2026-02-24 08:02:02] ERROR_NOTIFICATION: SMTP Host: mail-eu.smtp2go.com, Port: 2525, Username: sterp
[2026-02-24 08:02:02] ERROR_NOTIFICATION: Attempting to send email via SMTP...
[2026-02-24 08:02:04] ERROR_NOTIFICATION: SUCCESS: Error notification sent successfully to Helpdesk@sautech.net
[2026-02-24 08:02:04] ERROR_NOTIFICATION: Email sent with subject: 'RCC-Carmen-DailyBackup'
[2026-02-24 08:02:04] ERROR_NOTIFICATION: === Error Notification Sent Successfully ===
[2026-02-24 15:35:04] ERROR_NOTIFICATION: === Error Notification Check ===
[2026-02-24 15:35:04] ERROR_NOTIFICATION: Received status: 'Error' (length: 5)
[2026-02-24 15:35:04] ERROR_NOTIFICATION: Status (lowercase, trimmed): 'error'
[2026-02-24 15:35:04] ERROR_NOTIFICATION: Status is ERROR or FAILED - proceeding with notification
[2026-02-24 15:35:04] ERROR_NOTIFICATION: Attempting to send error notification for status: 'Error', source: 'VEEAM', subject: '[Failed] Michem (1 objects) 1 failed'
[2026-02-24 15:35:04] ERROR_NOTIFICATION: Loading PHPMailer library...
[2026-02-24 15:35:04] ERROR_NOTIFICATION: Base directory: /var/www/html/erp
[2026-02-24 15:35:04] ERROR_NOTIFICATION: Current __DIR__: /var/www/html/erp/modules/backup_monitoring/cron
[2026-02-24 15:35:04] ERROR_NOTIFICATION: Attempting to load PHPMailer directly...
[2026-02-24 15:35:04] ERROR_NOTIFICATION: Found PHPMailer.php at: /var/www/html/erp/vendor/phpmailer/phpmailer/src/PHPMailer.php
[2026-02-24 15:35:04] ERROR_NOTIFICATION: PHPMailer class loaded successfully via direct require
[2026-02-24 15:35:04] ERROR_NOTIFICATION: PHPMailer loaded successfully, creating PHPMailer instance...
[2026-02-24 15:35:04] ERROR_NOTIFICATION: PHPMailer instance created successfully
[2026-02-24 15:35:04] ERROR_NOTIFICATION: Configuring SMTP settings...
[2026-02-24 15:35:04] ERROR_NOTIFICATION: SMTP configured: Host=mail-eu.smtp2go.com, Port=2525, Username=sterp
[2026-02-24 15:35:04] ERROR_NOTIFICATION: Setting email from/to addresses...
[2026-02-24 15:35:04] ERROR_NOTIFICATION: Email addresses set: From=support@sautech.net, To=Helpdesk@sautech.net
[2026-02-24 15:35:04] ERROR_NOTIFICATION: Email prepared - Subject: '[Failed] Michem (1 objects) 1 failed', Recipient: Helpdesk@sautech.net
[2026-02-24 15:35:04] ERROR_NOTIFICATION: Email body length: 37445 characters
[2026-02-24 15:35:04] ERROR_NOTIFICATION: SMTP Host: mail-eu.smtp2go.com, Port: 2525, Username: sterp
[2026-02-24 15:35:04] ERROR_NOTIFICATION: Attempting to send email via SMTP...
[2026-02-24 15:35:08] ERROR_NOTIFICATION: SUCCESS: Error notification sent successfully to Helpdesk@sautech.net
[2026-02-24 15:35:08] ERROR_NOTIFICATION: Email sent with subject: '[Failed] Michem (1 objects) 1 failed'
[2026-02-24 15:35:08] ERROR_NOTIFICATION: === Error Notification Sent Successfully ===
[2026-02-24 15:44:04] ERROR_NOTIFICATION: === Error Notification Check ===
[2026-02-24 15:44:04] ERROR_NOTIFICATION: Received status: 'Error' (length: 5)
[2026-02-24 15:44:04] ERROR_NOTIFICATION: Status (lowercase, trimmed): 'error'
[2026-02-24 15:44:04] ERROR_NOTIFICATION: Status is ERROR or FAILED - proceeding with notification
[2026-02-24 15:44:04] ERROR_NOTIFICATION: Attempting to send error notification for status: 'Error', source: 'VEEAM', subject: '[Failed] Profile (18 objects) 1 failed'
[2026-02-24 15:44:04] ERROR_NOTIFICATION: Loading PHPMailer library...
[2026-02-24 15:44:04] ERROR_NOTIFICATION: Base directory: /var/www/html/erp
[2026-02-24 15:44:04] ERROR_NOTIFICATION: Current __DIR__: /var/www/html/erp/modules/backup_monitoring/cron
[2026-02-24 15:44:04] ERROR_NOTIFICATION: Attempting to load PHPMailer directly...
[2026-02-24 15:44:04] ERROR_NOTIFICATION: Found PHPMailer.php at: /var/www/html/erp/vendor/phpmailer/phpmailer/src/PHPMailer.php
[2026-02-24 15:44:04] ERROR_NOTIFICATION: PHPMailer class loaded successfully via direct require
[2026-02-24 15:44:04] ERROR_NOTIFICATION: PHPMailer loaded successfully, creating PHPMailer instance...
[2026-02-24 15:44:04] ERROR_NOTIFICATION: PHPMailer instance created successfully
[2026-02-24 15:44:04] ERROR_NOTIFICATION: Configuring SMTP settings...
[2026-02-24 15:44:04] ERROR_NOTIFICATION: SMTP configured: Host=mail-eu.smtp2go.com, Port=2525, Username=sterp
[2026-02-24 15:44:04] ERROR_NOTIFICATION: Setting email from/to addresses...
[2026-02-24 15:44:04] ERROR_NOTIFICATION: Email addresses set: From=support@sautech.net, To=Helpdesk@sautech.net
[2026-02-24 15:44:04] ERROR_NOTIFICATION: Email prepared - Subject: '[Failed] Profile (18 objects) 1 failed', Recipient: Helpdesk@sautech.net
[2026-02-24 15:44:04] ERROR_NOTIFICATION: Email body length: 62579 characters
[2026-02-24 15:44:04] ERROR_NOTIFICATION: SMTP Host: mail-eu.smtp2go.com, Port: 2525, Username: sterp
[2026-02-24 15:44:04] ERROR_NOTIFICATION: Attempting to send email via SMTP...
[2026-02-24 15:44:07] ERROR_NOTIFICATION: SUCCESS: Error notification sent successfully to Helpdesk@sautech.net
[2026-02-24 15:44:07] ERROR_NOTIFICATION: Email sent with subject: '[Failed] Profile (18 objects) 1 failed'
[2026-02-24 15:44:07] ERROR_NOTIFICATION: === Error Notification Sent Successfully ===
[2026-02-25 06:32:01] ERROR_NOTIFICATION: === Error Notification Check ===
[2026-02-25 06:32:01] ERROR_NOTIFICATION: Received status: 'Error' (length: 5)
[2026-02-25 06:32:01] ERROR_NOTIFICATION: Status (lowercase, trimmed): 'error'
[2026-02-25 06:32:01] ERROR_NOTIFICATION: Status is ERROR or FAILED - proceeding with notification
[2026-02-25 06:32:01] ERROR_NOTIFICATION: Attempting to send error notification for status: 'Error', source: 'CLIENT', subject: '[Failed] RCC-Monique - Job RCC-Reception - Wednesday, 25 February 2026 08:30:51'
[2026-02-25 06:32:01] ERROR_NOTIFICATION: Loading PHPMailer library...
[2026-02-25 06:32:01] ERROR_NOTIFICATION: Base directory: /var/www/html/erp
[2026-02-25 06:32:01] ERROR_NOTIFICATION: Current __DIR__: /var/www/html/erp/modules/backup_monitoring/cron
[2026-02-25 06:32:01] ERROR_NOTIFICATION: Attempting to load PHPMailer directly...
[2026-02-25 06:32:01] ERROR_NOTIFICATION: Found PHPMailer.php at: /var/www/html/erp/vendor/phpmailer/phpmailer/src/PHPMailer.php
[2026-02-25 06:32:01] ERROR_NOTIFICATION: PHPMailer class loaded successfully via direct require
[2026-02-25 06:32:01] ERROR_NOTIFICATION: PHPMailer loaded successfully, creating PHPMailer instance...
[2026-02-25 06:32:01] ERROR_NOTIFICATION: PHPMailer instance created successfully
[2026-02-25 06:32:01] ERROR_NOTIFICATION: Configuring SMTP settings...
[2026-02-25 06:32:01] ERROR_NOTIFICATION: SMTP configured: Host=mail-eu.smtp2go.com, Port=2525, Username=sterp
[2026-02-25 06:32:01] ERROR_NOTIFICATION: Setting email from/to addresses...
[2026-02-25 06:32:01] ERROR_NOTIFICATION: Email addresses set: From=support@sautech.net, To=Helpdesk@sautech.net
[2026-02-25 06:32:01] ERROR_NOTIFICATION: Email prepared - Subject: '[Failed] RCC-Monique - Job RCC-Reception - Wednesday, 25 February 2026 08:30:51', Recipient: Helpdesk@sautech.net
[2026-02-25 06:32:01] ERROR_NOTIFICATION: Email body length: 10755 characters
[2026-02-25 06:32:01] ERROR_NOTIFICATION: SMTP Host: mail-eu.smtp2go.com, Port: 2525, Username: sterp
[2026-02-25 06:32:01] ERROR_NOTIFICATION: Attempting to send email via SMTP...
[2026-02-25 06:32:04] ERROR_NOTIFICATION: SUCCESS: Error notification sent successfully to Helpdesk@sautech.net
[2026-02-25 06:32:04] ERROR_NOTIFICATION: Email sent with subject: '[Failed] RCC-Monique - Job RCC-Reception - Wednesday, 25 February 2026 08:30:51'
[2026-02-25 06:32:04] ERROR_NOTIFICATION: === Error Notification Sent Successfully ===
[2026-02-25 07:39:01] ERROR_NOTIFICATION: === Error Notification Check ===
[2026-02-25 07:39:01] ERROR_NOTIFICATION: Received status: 'Error' (length: 5)
[2026-02-25 07:39:01] ERROR_NOTIFICATION: Status (lowercase, trimmed): 'error'
[2026-02-25 07:39:01] ERROR_NOTIFICATION: Status is ERROR or FAILED - proceeding with notification
[2026-02-25 07:39:01] ERROR_NOTIFICATION: Attempting to send error notification for status: 'Error', source: 'CLIENT', subject: '[Failed] RCC-Bongi - Job RCC-Bongi - Wednesday, 25 February 2026 09:30:47'
[2026-02-25 07:39:01] ERROR_NOTIFICATION: Loading PHPMailer library...
[2026-02-25 07:39:01] ERROR_NOTIFICATION: Base directory: /var/www/html/erp
[2026-02-25 07:39:01] ERROR_NOTIFICATION: Current __DIR__: /var/www/html/erp/modules/backup_monitoring/cron
[2026-02-25 07:39:01] ERROR_NOTIFICATION: Attempting to load PHPMailer directly...
[2026-02-25 07:39:01] ERROR_NOTIFICATION: Found PHPMailer.php at: /var/www/html/erp/vendor/phpmailer/phpmailer/src/PHPMailer.php
[2026-02-25 07:39:01] ERROR_NOTIFICATION: PHPMailer class loaded successfully via direct require
[2026-02-25 07:39:01] ERROR_NOTIFICATION: PHPMailer loaded successfully, creating PHPMailer instance...
[2026-02-25 07:39:01] ERROR_NOTIFICATION: PHPMailer instance created successfully
[2026-02-25 07:39:01] ERROR_NOTIFICATION: Configuring SMTP settings...
[2026-02-25 07:39:01] ERROR_NOTIFICATION: SMTP configured: Host=mail-eu.smtp2go.com, Port=2525, Username=sterp
[2026-02-25 07:39:01] ERROR_NOTIFICATION: Setting email from/to addresses...
[2026-02-25 07:39:01] ERROR_NOTIFICATION: Email addresses set: From=support@sautech.net, To=Helpdesk@sautech.net
[2026-02-25 07:39:01] ERROR_NOTIFICATION: Email prepared - Subject: '[Failed] RCC-Bongi - Job RCC-Bongi - Wednesday, 25 February 2026 09:30:47', Recipient: Helpdesk@sautech.net
[2026-02-25 07:39:01] ERROR_NOTIFICATION: Email body length: 10724 characters
[2026-02-25 07:39:01] ERROR_NOTIFICATION: SMTP Host: mail-eu.smtp2go.com, Port: 2525, Username: sterp
[2026-02-25 07:39:01] ERROR_NOTIFICATION: Attempting to send email via SMTP...
[2026-02-25 07:39:03] ERROR_NOTIFICATION: SUCCESS: Error notification sent successfully to Helpdesk@sautech.net
[2026-02-25 07:39:03] ERROR_NOTIFICATION: Email sent with subject: '[Failed] RCC-Bongi - Job RCC-Bongi - Wednesday, 25 February 2026 09:30:47'
[2026-02-25 07:39:03] ERROR_NOTIFICATION: === Error Notification Sent Successfully ===
[2026-02-25 08:02:02] ERROR_NOTIFICATION: === Error Notification Check ===
[2026-02-25 08:02:02] ERROR_NOTIFICATION: Received status: 'Error' (length: 5)
[2026-02-25 08:02:02] ERROR_NOTIFICATION: Status (lowercase, trimmed): 'error'
[2026-02-25 08:02:02] ERROR_NOTIFICATION: Status is ERROR or FAILED - proceeding with notification
[2026-02-25 08:02:02] ERROR_NOTIFICATION: Attempting to send error notification for status: 'Error', source: 'CLIENT', subject: 'RCC-Carmen-DailyBackup'
[2026-02-25 08:02:02] ERROR_NOTIFICATION: Loading PHPMailer library...
[2026-02-25 08:02:02] ERROR_NOTIFICATION: Base directory: /var/www/html/erp
[2026-02-25 08:02:02] ERROR_NOTIFICATION: Current __DIR__: /var/www/html/erp/modules/backup_monitoring/cron
[2026-02-25 08:02:02] ERROR_NOTIFICATION: Attempting to load PHPMailer directly...
[2026-02-25 08:02:02] ERROR_NOTIFICATION: Found PHPMailer.php at: /var/www/html/erp/vendor/phpmailer/phpmailer/src/PHPMailer.php
[2026-02-25 08:02:02] ERROR_NOTIFICATION: PHPMailer class loaded successfully via direct require
[2026-02-25 08:02:02] ERROR_NOTIFICATION: PHPMailer loaded successfully, creating PHPMailer instance...
[2026-02-25 08:02:02] ERROR_NOTIFICATION: PHPMailer instance created successfully
[2026-02-25 08:02:02] ERROR_NOTIFICATION: Configuring SMTP settings...
[2026-02-25 08:02:02] ERROR_NOTIFICATION: SMTP configured: Host=mail-eu.smtp2go.com, Port=2525, Username=sterp
[2026-02-25 08:02:02] ERROR_NOTIFICATION: Setting email from/to addresses...
[2026-02-25 08:02:02] ERROR_NOTIFICATION: Email addresses set: From=support@sautech.net, To=Helpdesk@sautech.net
[2026-02-25 08:02:02] ERROR_NOTIFICATION: Email prepared - Subject: 'RCC-Carmen-DailyBackup', Recipient: Helpdesk@sautech.net
[2026-02-25 08:02:02] ERROR_NOTIFICATION: Email body length: 10810 characters
[2026-02-25 08:02:02] ERROR_NOTIFICATION: SMTP Host: mail-eu.smtp2go.com, Port: 2525, Username: sterp
[2026-02-25 08:02:02] ERROR_NOTIFICATION: Attempting to send email via SMTP...
[2026-02-25 08:02:05] ERROR_NOTIFICATION: SUCCESS: Error notification sent successfully to Helpdesk@sautech.net
[2026-02-25 08:02:05] ERROR_NOTIFICATION: Email sent with subject: 'RCC-Carmen-DailyBackup'
[2026-02-25 08:02:05] ERROR_NOTIFICATION: === Error Notification Sent Successfully ===
[2026-02-25 15:16:05] ERROR_NOTIFICATION: === Error Notification Check ===
[2026-02-25 15:16:05] ERROR_NOTIFICATION: Received status: 'Error' (length: 5)
[2026-02-25 15:16:05] ERROR_NOTIFICATION: Status (lowercase, trimmed): 'error'
[2026-02-25 15:16:05] ERROR_NOTIFICATION: Status is ERROR or FAILED - proceeding with notification
[2026-02-25 15:16:05] ERROR_NOTIFICATION: Attempting to send error notification for status: 'Error', source: 'VEEAM', subject: '[Failed] Profile (18 objects) 1 failed'
[2026-02-25 15:16:05] ERROR_NOTIFICATION: Loading PHPMailer library...
[2026-02-25 15:16:05] ERROR_NOTIFICATION: Base directory: /var/www/html/erp
[2026-02-25 15:16:05] ERROR_NOTIFICATION: Current __DIR__: /var/www/html/erp/modules/backup_monitoring/cron
[2026-02-25 15:16:05] ERROR_NOTIFICATION: Attempting to load PHPMailer directly...
[2026-02-25 15:16:05] ERROR_NOTIFICATION: Found PHPMailer.php at: /var/www/html/erp/vendor/phpmailer/phpmailer/src/PHPMailer.php
[2026-02-25 15:16:05] ERROR_NOTIFICATION: PHPMailer class loaded successfully via direct require
[2026-02-25 15:16:05] ERROR_NOTIFICATION: PHPMailer loaded successfully, creating PHPMailer instance...
[2026-02-25 15:16:05] ERROR_NOTIFICATION: PHPMailer instance created successfully
[2026-02-25 15:16:05] ERROR_NOTIFICATION: Configuring SMTP settings...
[2026-02-25 15:16:05] ERROR_NOTIFICATION: SMTP configured: Host=mail-eu.smtp2go.com, Port=2525, Username=sterp
[2026-02-25 15:16:05] ERROR_NOTIFICATION: Setting email from/to addresses...
[2026-02-25 15:16:05] ERROR_NOTIFICATION: Email addresses set: From=support@sautech.net, To=Helpdesk@sautech.net
[2026-02-25 15:16:05] ERROR_NOTIFICATION: Email prepared - Subject: '[Failed] Profile (18 objects) 1 failed', Recipient: Helpdesk@sautech.net
[2026-02-25 15:16:05] ERROR_NOTIFICATION: Email body length: 62571 characters
[2026-02-25 15:16:05] ERROR_NOTIFICATION: SMTP Host: mail-eu.smtp2go.com, Port: 2525, Username: sterp
[2026-02-25 15:16:05] ERROR_NOTIFICATION: Attempting to send email via SMTP...
[2026-02-25 15:16:10] ERROR_NOTIFICATION: SUCCESS: Error notification sent successfully to Helpdesk@sautech.net
[2026-02-25 15:16:10] ERROR_NOTIFICATION: Email sent with subject: '[Failed] Profile (18 objects) 1 failed'
[2026-02-25 15:16:10] ERROR_NOTIFICATION: === Error Notification Sent Successfully ===
[2026-02-25 15:35:04] ERROR_NOTIFICATION: === Error Notification Check ===
[2026-02-25 15:35:04] ERROR_NOTIFICATION: Received status: 'Error' (length: 5)
[2026-02-25 15:35:04] ERROR_NOTIFICATION: Status (lowercase, trimmed): 'error'
[2026-02-25 15:35:04] ERROR_NOTIFICATION: Status is ERROR or FAILED - proceeding with notification
[2026-02-25 15:35:04] ERROR_NOTIFICATION: Attempting to send error notification for status: 'Error', source: 'VEEAM', subject: '[Failed] Michem (1 objects) 1 failed'
[2026-02-25 15:35:04] ERROR_NOTIFICATION: Loading PHPMailer library...
[2026-02-25 15:35:04] ERROR_NOTIFICATION: Base directory: /var/www/html/erp
[2026-02-25 15:35:04] ERROR_NOTIFICATION: Current __DIR__: /var/www/html/erp/modules/backup_monitoring/cron
[2026-02-25 15:35:04] ERROR_NOTIFICATION: Attempting to load PHPMailer directly...
[2026-02-25 15:35:04] ERROR_NOTIFICATION: Found PHPMailer.php at: /var/www/html/erp/vendor/phpmailer/phpmailer/src/PHPMailer.php
[2026-02-25 15:35:04] ERROR_NOTIFICATION: PHPMailer class loaded successfully via direct require
[2026-02-25 15:35:04] ERROR_NOTIFICATION: PHPMailer loaded successfully, creating PHPMailer instance...
[2026-02-25 15:35:04] ERROR_NOTIFICATION: PHPMailer instance created successfully
[2026-02-25 15:35:04] ERROR_NOTIFICATION: Configuring SMTP settings...
[2026-02-25 15:35:04] ERROR_NOTIFICATION: SMTP configured: Host=mail-eu.smtp2go.com, Port=2525, Username=sterp
[2026-02-25 15:35:04] ERROR_NOTIFICATION: Setting email from/to addresses...
[2026-02-25 15:35:04] ERROR_NOTIFICATION: Email addresses set: From=support@sautech.net, To=Helpdesk@sautech.net
[2026-02-25 15:35:04] ERROR_NOTIFICATION: Email prepared - Subject: '[Failed] Michem (1 objects) 1 failed', Recipient: Helpdesk@sautech.net
[2026-02-25 15:35:04] ERROR_NOTIFICATION: Email body length: 37445 characters
[2026-02-25 15:35:04] ERROR_NOTIFICATION: SMTP Host: mail-eu.smtp2go.com, Port: 2525, Username: sterp
[2026-02-25 15:35:04] ERROR_NOTIFICATION: Attempting to send email via SMTP...
[2026-02-25 15:35:07] ERROR_NOTIFICATION: SUCCESS: Error notification sent successfully to Helpdesk@sautech.net
[2026-02-25 15:35:07] ERROR_NOTIFICATION: Email sent with subject: '[Failed] Michem (1 objects) 1 failed'
[2026-02-25 15:35:07] ERROR_NOTIFICATION: === Error Notification Sent Successfully ===
[2026-02-25 17:13:04] ERROR_NOTIFICATION: === Error Notification Check ===
[2026-02-25 17:13:04] ERROR_NOTIFICATION: Received status: 'Error' (length: 5)
[2026-02-25 17:13:04] ERROR_NOTIFICATION: Status (lowercase, trimmed): 'error'
[2026-02-25 17:13:04] ERROR_NOTIFICATION: Status is ERROR or FAILED - proceeding with notification
[2026-02-25 17:13:04] ERROR_NOTIFICATION: Attempting to send error notification for status: 'Error', source: 'VEEAM', subject: '[Failed] RHSMoodle (1 objects) 1 failed'
[2026-02-25 17:13:04] ERROR_NOTIFICATION: Loading PHPMailer library...
[2026-02-25 17:13:04] ERROR_NOTIFICATION: Base directory: /var/www/html/erp
[2026-02-25 17:13:04] ERROR_NOTIFICATION: Current __DIR__: /var/www/html/erp/modules/backup_monitoring/cron
[2026-02-25 17:13:04] ERROR_NOTIFICATION: Attempting to load PHPMailer directly...
[2026-02-25 17:13:04] ERROR_NOTIFICATION: Found PHPMailer.php at: /var/www/html/erp/vendor/phpmailer/phpmailer/src/PHPMailer.php
[2026-02-25 17:13:04] ERROR_NOTIFICATION: PHPMailer class loaded successfully via direct require
[2026-02-25 17:13:04] ERROR_NOTIFICATION: PHPMailer loaded successfully, creating PHPMailer instance...
[2026-02-25 17:13:04] ERROR_NOTIFICATION: PHPMailer instance created successfully
[2026-02-25 17:13:04] ERROR_NOTIFICATION: Configuring SMTP settings...
[2026-02-25 17:13:04] ERROR_NOTIFICATION: SMTP configured: Host=mail-eu.smtp2go.com, Port=2525, Username=sterp
[2026-02-25 17:13:04] ERROR_NOTIFICATION: Setting email from/to addresses...
[2026-02-25 17:13:04] ERROR_NOTIFICATION: Email addresses set: From=support@sautech.net, To=Helpdesk@sautech.net
[2026-02-25 17:13:04] ERROR_NOTIFICATION: Email prepared - Subject: '[Failed] RHSMoodle (1 objects) 1 failed', Recipient: Helpdesk@sautech.net
[2026-02-25 17:13:04] ERROR_NOTIFICATION: Email body length: 37389 characters
[2026-02-25 17:13:04] ERROR_NOTIFICATION: SMTP Host: mail-eu.smtp2go.com, Port: 2525, Username: sterp
[2026-02-25 17:13:04] ERROR_NOTIFICATION: Attempting to send email via SMTP...
[2026-02-25 17:13:07] ERROR_NOTIFICATION: SUCCESS: Error notification sent successfully to Helpdesk@sautech.net
[2026-02-25 17:13:07] ERROR_NOTIFICATION: Email sent with subject: '[Failed] RHSMoodle (1 objects) 1 failed'
[2026-02-25 17:13:07] ERROR_NOTIFICATION: === Error Notification Sent Successfully ===
[2026-02-26 06:32:02] ERROR_NOTIFICATION: === Error Notification Check ===
[2026-02-26 06:32:02] ERROR_NOTIFICATION: Received status: 'Error' (length: 5)
[2026-02-26 06:32:02] ERROR_NOTIFICATION: Status (lowercase, trimmed): 'error'
[2026-02-26 06:32:02] ERROR_NOTIFICATION: Status is ERROR or FAILED - proceeding with notification
[2026-02-26 06:32:02] ERROR_NOTIFICATION: Attempting to send error notification for status: 'Error', source: 'CLIENT', subject: '[Failed] RCC-Monique - Job RCC-Reception - Thursday, 26 February 2026 08:30:54'
[2026-02-26 06:32:02] ERROR_NOTIFICATION: Loading PHPMailer library...
[2026-02-26 06:32:02] ERROR_NOTIFICATION: Base directory: /var/www/html/erp
[2026-02-26 06:32:02] ERROR_NOTIFICATION: Current __DIR__: /var/www/html/erp/modules/backup_monitoring/cron
[2026-02-26 06:32:02] ERROR_NOTIFICATION: Attempting to load PHPMailer directly...
[2026-02-26 06:32:02] ERROR_NOTIFICATION: Found PHPMailer.php at: /var/www/html/erp/vendor/phpmailer/phpmailer/src/PHPMailer.php
[2026-02-26 06:32:02] ERROR_NOTIFICATION: PHPMailer class loaded successfully via direct require
[2026-02-26 06:32:02] ERROR_NOTIFICATION: PHPMailer loaded successfully, creating PHPMailer instance...
[2026-02-26 06:32:02] ERROR_NOTIFICATION: PHPMailer instance created successfully
[2026-02-26 06:32:02] ERROR_NOTIFICATION: Configuring SMTP settings...
[2026-02-26 06:32:02] ERROR_NOTIFICATION: SMTP configured: Host=mail-eu.smtp2go.com, Port=2525, Username=sterp
[2026-02-26 06:32:02] ERROR_NOTIFICATION: Setting email from/to addresses...
[2026-02-26 06:32:02] ERROR_NOTIFICATION: Email addresses set: From=support@sautech.net, To=Helpdesk@sautech.net
[2026-02-26 06:32:02] ERROR_NOTIFICATION: Email prepared - Subject: '[Failed] RCC-Monique - Job RCC-Reception - Thursday, 26 February 2026 08:30:54', Recipient: Helpdesk@sautech.net
[2026-02-26 06:32:02] ERROR_NOTIFICATION: Email body length: 10735 characters
[2026-02-26 06:32:02] ERROR_NOTIFICATION: SMTP Host: mail-eu.smtp2go.com, Port: 2525, Username: sterp
[2026-02-26 06:32:02] ERROR_NOTIFICATION: Attempting to send email via SMTP...
[2026-02-26 06:32:04] ERROR_NOTIFICATION: SUCCESS: Error notification sent successfully to Helpdesk@sautech.net
[2026-02-26 06:32:04] ERROR_NOTIFICATION: Email sent with subject: '[Failed] RCC-Monique - Job RCC-Reception - Thursday, 26 February 2026 08:30:54'
[2026-02-26 06:32:04] ERROR_NOTIFICATION: === Error Notification Sent Successfully ===
[2026-02-26 07:39:02] ERROR_NOTIFICATION: === Error Notification Check ===
[2026-02-26 07:39:02] ERROR_NOTIFICATION: Received status: 'Error' (length: 5)
[2026-02-26 07:39:02] ERROR_NOTIFICATION: Status (lowercase, trimmed): 'error'
[2026-02-26 07:39:02] ERROR_NOTIFICATION: Status is ERROR or FAILED - proceeding with notification
[2026-02-26 07:39:02] ERROR_NOTIFICATION: Attempting to send error notification for status: 'Error', source: 'CLIENT', subject: '[Failed] RCC-Bongi - Job RCC-Bongi - Thursday, 26 February 2026 09:30:48'
[2026-02-26 07:39:02] ERROR_NOTIFICATION: Loading PHPMailer library...
[2026-02-26 07:39:02] ERROR_NOTIFICATION: Base directory: /var/www/html/erp
[2026-02-26 07:39:02] ERROR_NOTIFICATION: Current __DIR__: /var/www/html/erp/modules/backup_monitoring/cron
[2026-02-26 07:39:02] ERROR_NOTIFICATION: Attempting to load PHPMailer directly...
[2026-02-26 07:39:02] ERROR_NOTIFICATION: Found PHPMailer.php at: /var/www/html/erp/vendor/phpmailer/phpmailer/src/PHPMailer.php
[2026-02-26 07:39:02] ERROR_NOTIFICATION: PHPMailer class loaded successfully via direct require
[2026-02-26 07:39:02] ERROR_NOTIFICATION: PHPMailer loaded successfully, creating PHPMailer instance...
[2026-02-26 07:39:02] ERROR_NOTIFICATION: PHPMailer instance created successfully
[2026-02-26 07:39:02] ERROR_NOTIFICATION: Configuring SMTP settings...
[2026-02-26 07:39:02] ERROR_NOTIFICATION: SMTP configured: Host=mail-eu.smtp2go.com, Port=2525, Username=sterp
[2026-02-26 07:39:02] ERROR_NOTIFICATION: Setting email from/to addresses...
[2026-02-26 07:39:02] ERROR_NOTIFICATION: Email addresses set: From=support@sautech.net, To=Helpdesk@sautech.net
[2026-02-26 07:39:02] ERROR_NOTIFICATION: Email prepared - Subject: '[Failed] RCC-Bongi - Job RCC-Bongi - Thursday, 26 February 2026 09:30:48', Recipient: Helpdesk@sautech.net
[2026-02-26 07:39:02] ERROR_NOTIFICATION: Email body length: 10742 characters
[2026-02-26 07:39:02] ERROR_NOTIFICATION: SMTP Host: mail-eu.smtp2go.com, Port: 2525, Username: sterp
[2026-02-26 07:39:02] ERROR_NOTIFICATION: Attempting to send email via SMTP...
[2026-02-26 07:39:04] ERROR_NOTIFICATION: SUCCESS: Error notification sent successfully to Helpdesk@sautech.net
[2026-02-26 07:39:04] ERROR_NOTIFICATION: Email sent with subject: '[Failed] RCC-Bongi - Job RCC-Bongi - Thursday, 26 February 2026 09:30:48'
[2026-02-26 07:39:04] ERROR_NOTIFICATION: === Error Notification Sent Successfully ===
[2026-02-26 08:02:02] ERROR_NOTIFICATION: === Error Notification Check ===
[2026-02-26 08:02:02] ERROR_NOTIFICATION: Received status: 'Error' (length: 5)
[2026-02-26 08:02:02] ERROR_NOTIFICATION: Status (lowercase, trimmed): 'error'
[2026-02-26 08:02:02] ERROR_NOTIFICATION: Status is ERROR or FAILED - proceeding with notification
[2026-02-26 08:02:02] ERROR_NOTIFICATION: Attempting to send error notification for status: 'Error', source: 'CLIENT', subject: 'RCC-Carmen-DailyBackup'
[2026-02-26 08:02:02] ERROR_NOTIFICATION: Loading PHPMailer library...
[2026-02-26 08:02:02] ERROR_NOTIFICATION: Base directory: /var/www/html/erp
[2026-02-26 08:02:02] ERROR_NOTIFICATION: Current __DIR__: /var/www/html/erp/modules/backup_monitoring/cron
[2026-02-26 08:02:02] ERROR_NOTIFICATION: Attempting to load PHPMailer directly...
[2026-02-26 08:02:02] ERROR_NOTIFICATION: Found PHPMailer.php at: /var/www/html/erp/vendor/phpmailer/phpmailer/src/PHPMailer.php
[2026-02-26 08:02:02] ERROR_NOTIFICATION: PHPMailer class loaded successfully via direct require
[2026-02-26 08:02:02] ERROR_NOTIFICATION: PHPMailer loaded successfully, creating PHPMailer instance...
[2026-02-26 08:02:02] ERROR_NOTIFICATION: PHPMailer instance created successfully
[2026-02-26 08:02:02] ERROR_NOTIFICATION: Configuring SMTP settings...
[2026-02-26 08:02:02] ERROR_NOTIFICATION: SMTP configured: Host=mail-eu.smtp2go.com, Port=2525, Username=sterp
[2026-02-26 08:02:02] ERROR_NOTIFICATION: Setting email from/to addresses...
[2026-02-26 08:02:02] ERROR_NOTIFICATION: Email addresses set: From=support@sautech.net, To=Helpdesk@sautech.net
[2026-02-26 08:02:02] ERROR_NOTIFICATION: Email prepared - Subject: 'RCC-Carmen-DailyBackup', Recipient: Helpdesk@sautech.net
[2026-02-26 08:02:02] ERROR_NOTIFICATION: Email body length: 10809 characters
[2026-02-26 08:02:02] ERROR_NOTIFICATION: SMTP Host: mail-eu.smtp2go.com, Port: 2525, Username: sterp
[2026-02-26 08:02:02] ERROR_NOTIFICATION: Attempting to send email via SMTP...
[2026-02-26 08:02:05] ERROR_NOTIFICATION: SUCCESS: Error notification sent successfully to Helpdesk@sautech.net
[2026-02-26 08:02:05] ERROR_NOTIFICATION: Email sent with subject: 'RCC-Carmen-DailyBackup'
[2026-02-26 08:02:05] ERROR_NOTIFICATION: === Error Notification Sent Successfully ===
[2026-02-27 05:11:04] ERROR_NOTIFICATION: === Error Notification Check ===
[2026-02-27 05:11:04] ERROR_NOTIFICATION: Received status: 'Error' (length: 5)
[2026-02-27 05:11:04] ERROR_NOTIFICATION: Status (lowercase, trimmed): 'error'
[2026-02-27 05:11:04] ERROR_NOTIFICATION: Status is ERROR or FAILED - proceeding with notification
[2026-02-27 05:11:04] ERROR_NOTIFICATION: Attempting to send error notification for status: 'Error', source: 'VEEAM', subject: '[Failed] Eroute (6 objects) 1 failed'
[2026-02-27 05:11:04] ERROR_NOTIFICATION: Loading PHPMailer library...
[2026-02-27 05:11:04] ERROR_NOTIFICATION: Base directory: /var/www/html/erp
[2026-02-27 05:11:04] ERROR_NOTIFICATION: Current __DIR__: /var/www/html/erp/modules/backup_monitoring/cron
[2026-02-27 05:11:04] ERROR_NOTIFICATION: Attempting to load PHPMailer directly...
[2026-02-27 05:11:04] ERROR_NOTIFICATION: Found PHPMailer.php at: /var/www/html/erp/vendor/phpmailer/phpmailer/src/PHPMailer.php
[2026-02-27 05:11:04] ERROR_NOTIFICATION: PHPMailer class loaded successfully via direct require
[2026-02-27 05:11:04] ERROR_NOTIFICATION: PHPMailer loaded successfully, creating PHPMailer instance...
[2026-02-27 05:11:04] ERROR_NOTIFICATION: PHPMailer instance created successfully
[2026-02-27 05:11:04] ERROR_NOTIFICATION: Configuring SMTP settings...
[2026-02-27 05:11:04] ERROR_NOTIFICATION: SMTP configured: Host=mail-eu.smtp2go.com, Port=2525, Username=sterp
[2026-02-27 05:11:04] ERROR_NOTIFICATION: Setting email from/to addresses...
[2026-02-27 05:11:04] ERROR_NOTIFICATION: Email addresses set: From=support@sautech.net, To=Helpdesk@sautech.net
[2026-02-27 05:11:04] ERROR_NOTIFICATION: Email prepared - Subject: '[Failed] Eroute (6 objects) 1 failed', Recipient: Helpdesk@sautech.net
[2026-02-27 05:11:04] ERROR_NOTIFICATION: Email body length: 60462 characters
[2026-02-27 05:11:04] ERROR_NOTIFICATION: SMTP Host: mail-eu.smtp2go.com, Port: 2525, Username: sterp
[2026-02-27 05:11:04] ERROR_NOTIFICATION: Attempting to send email via SMTP...
[2026-02-27 05:11:06] ERROR_NOTIFICATION: SUCCESS: Error notification sent successfully to Helpdesk@sautech.net
[2026-02-27 05:11:06] ERROR_NOTIFICATION: Email sent with subject: '[Failed] Eroute (6 objects) 1 failed'
[2026-02-27 05:11:06] ERROR_NOTIFICATION: === Error Notification Sent Successfully ===
[2026-02-27 06:32:02] ERROR_NOTIFICATION: === Error Notification Check ===
[2026-02-27 06:32:02] ERROR_NOTIFICATION: Received status: 'Error' (length: 5)
[2026-02-27 06:32:02] ERROR_NOTIFICATION: Status (lowercase, trimmed): 'error'
[2026-02-27 06:32:02] ERROR_NOTIFICATION: Status is ERROR or FAILED - proceeding with notification
[2026-02-27 06:32:02] ERROR_NOTIFICATION: Attempting to send error notification for status: 'Error', source: 'CLIENT', subject: '[Failed] RCC-Monique - Job RCC-Reception - Friday, 27 February 2026 08:30:49'
[2026-02-27 06:32:02] ERROR_NOTIFICATION: Loading PHPMailer library...
[2026-02-27 06:32:02] ERROR_NOTIFICATION: Base directory: /var/www/html/erp
[2026-02-27 06:32:02] ERROR_NOTIFICATION: Current __DIR__: /var/www/html/erp/modules/backup_monitoring/cron
[2026-02-27 06:32:02] ERROR_NOTIFICATION: Attempting to load PHPMailer directly...
[2026-02-27 06:32:02] ERROR_NOTIFICATION: Found PHPMailer.php at: /var/www/html/erp/vendor/phpmailer/phpmailer/src/PHPMailer.php
[2026-02-27 06:32:02] ERROR_NOTIFICATION: PHPMailer class loaded successfully via direct require
[2026-02-27 06:32:02] ERROR_NOTIFICATION: PHPMailer loaded successfully, creating PHPMailer instance...
[2026-02-27 06:32:02] ERROR_NOTIFICATION: PHPMailer instance created successfully
[2026-02-27 06:32:02] ERROR_NOTIFICATION: Configuring SMTP settings...
[2026-02-27 06:32:02] ERROR_NOTIFICATION: SMTP configured: Host=mail-eu.smtp2go.com, Port=2525, Username=sterp
[2026-02-27 06:32:02] ERROR_NOTIFICATION: Setting email from/to addresses...
[2026-02-27 06:32:02] ERROR_NOTIFICATION: Email addresses set: From=support@sautech.net, To=Helpdesk@sautech.net
[2026-02-27 06:32:02] ERROR_NOTIFICATION: Email prepared - Subject: '[Failed] RCC-Monique - Job RCC-Reception - Friday, 27 February 2026 08:30:49', Recipient: Helpdesk@sautech.net
[2026-02-27 06:32:02] ERROR_NOTIFICATION: Email body length: 10733 characters
[2026-02-27 06:32:02] ERROR_NOTIFICATION: SMTP Host: mail-eu.smtp2go.com, Port: 2525, Username: sterp
[2026-02-27 06:32:02] ERROR_NOTIFICATION: Attempting to send email via SMTP...
[2026-02-27 06:32:05] ERROR_NOTIFICATION: SUCCESS: Error notification sent successfully to Helpdesk@sautech.net
[2026-02-27 06:32:05] ERROR_NOTIFICATION: Email sent with subject: '[Failed] RCC-Monique - Job RCC-Reception - Friday, 27 February 2026 08:30:49'
[2026-02-27 06:32:05] ERROR_NOTIFICATION: === Error Notification Sent Successfully ===
[2026-02-27 07:39:02] ERROR_NOTIFICATION: === Error Notification Check ===
[2026-02-27 07:39:02] ERROR_NOTIFICATION: Received status: 'Error' (length: 5)
[2026-02-27 07:39:02] ERROR_NOTIFICATION: Status (lowercase, trimmed): 'error'
[2026-02-27 07:39:02] ERROR_NOTIFICATION: Status is ERROR or FAILED - proceeding with notification
[2026-02-27 07:39:02] ERROR_NOTIFICATION: Attempting to send error notification for status: 'Error', source: 'CLIENT', subject: '[Failed] RCC-Bongi - Job RCC-Bongi - Friday, 27 February 2026 09:30:49'
[2026-02-27 07:39:02] ERROR_NOTIFICATION: Loading PHPMailer library...
[2026-02-27 07:39:02] ERROR_NOTIFICATION: Base directory: /var/www/html/erp
[2026-02-27 07:39:02] ERROR_NOTIFICATION: Current __DIR__: /var/www/html/erp/modules/backup_monitoring/cron
[2026-02-27 07:39:02] ERROR_NOTIFICATION: Attempting to load PHPMailer directly...
[2026-02-27 07:39:02] ERROR_NOTIFICATION: Found PHPMailer.php at: /var/www/html/erp/vendor/phpmailer/phpmailer/src/PHPMailer.php
[2026-02-27 07:39:02] ERROR_NOTIFICATION: PHPMailer class loaded successfully via direct require
[2026-02-27 07:39:02] ERROR_NOTIFICATION: PHPMailer loaded successfully, creating PHPMailer instance...
[2026-02-27 07:39:02] ERROR_NOTIFICATION: PHPMailer instance created successfully
[2026-02-27 07:39:02] ERROR_NOTIFICATION: Configuring SMTP settings...
[2026-02-27 07:39:02] ERROR_NOTIFICATION: SMTP configured: Host=mail-eu.smtp2go.com, Port=2525, Username=sterp
[2026-02-27 07:39:02] ERROR_NOTIFICATION: Setting email from/to addresses...
[2026-02-27 07:39:02] ERROR_NOTIFICATION: Email addresses set: From=support@sautech.net, To=Helpdesk@sautech.net
[2026-02-27 07:39:02] ERROR_NOTIFICATION: Email prepared - Subject: '[Failed] RCC-Bongi - Job RCC-Bongi - Friday, 27 February 2026 09:30:49', Recipient: Helpdesk@sautech.net
[2026-02-27 07:39:02] ERROR_NOTIFICATION: Email body length: 10740 characters
[2026-02-27 07:39:02] ERROR_NOTIFICATION: SMTP Host: mail-eu.smtp2go.com, Port: 2525, Username: sterp
[2026-02-27 07:39:02] ERROR_NOTIFICATION: Attempting to send email via SMTP...
[2026-02-27 07:39:04] ERROR_NOTIFICATION: SUCCESS: Error notification sent successfully to Helpdesk@sautech.net
[2026-02-27 07:39:04] ERROR_NOTIFICATION: Email sent with subject: '[Failed] RCC-Bongi - Job RCC-Bongi - Friday, 27 February 2026 09:30:49'
[2026-02-27 07:39:04] ERROR_NOTIFICATION: === Error Notification Sent Successfully ===
[2026-02-27 08:02:01] ERROR_NOTIFICATION: === Error Notification Check ===
[2026-02-27 08:02:01] ERROR_NOTIFICATION: Received status: 'Error' (length: 5)
[2026-02-27 08:02:01] ERROR_NOTIFICATION: Status (lowercase, trimmed): 'error'
[2026-02-27 08:02:01] ERROR_NOTIFICATION: Status is ERROR or FAILED - proceeding with notification
[2026-02-27 08:02:01] ERROR_NOTIFICATION: Attempting to send error notification for status: 'Error', source: 'CLIENT', subject: 'RCC-Carmen-DailyBackup'
[2026-02-27 08:02:01] ERROR_NOTIFICATION: Loading PHPMailer library...
[2026-02-27 08:02:01] ERROR_NOTIFICATION: Base directory: /var/www/html/erp
[2026-02-27 08:02:01] ERROR_NOTIFICATION: Current __DIR__: /var/www/html/erp/modules/backup_monitoring/cron
[2026-02-27 08:02:01] ERROR_NOTIFICATION: Attempting to load PHPMailer directly...
[2026-02-27 08:02:01] ERROR_NOTIFICATION: Found PHPMailer.php at: /var/www/html/erp/vendor/phpmailer/phpmailer/src/PHPMailer.php
[2026-02-27 08:02:01] ERROR_NOTIFICATION: PHPMailer class loaded successfully via direct require
[2026-02-27 08:02:01] ERROR_NOTIFICATION: PHPMailer loaded successfully, creating PHPMailer instance...
[2026-02-27 08:02:01] ERROR_NOTIFICATION: PHPMailer instance created successfully
[2026-02-27 08:02:01] ERROR_NOTIFICATION: Configuring SMTP settings...
[2026-02-27 08:02:01] ERROR_NOTIFICATION: SMTP configured: Host=mail-eu.smtp2go.com, Port=2525, Username=sterp
[2026-02-27 08:02:01] ERROR_NOTIFICATION: Setting email from/to addresses...
[2026-02-27 08:02:01] ERROR_NOTIFICATION: Email addresses set: From=support@sautech.net, To=Helpdesk@sautech.net
[2026-02-27 08:02:01] ERROR_NOTIFICATION: Email prepared - Subject: 'RCC-Carmen-DailyBackup', Recipient: Helpdesk@sautech.net
[2026-02-27 08:02:01] ERROR_NOTIFICATION: Email body length: 10807 characters
[2026-02-27 08:02:01] ERROR_NOTIFICATION: SMTP Host: mail-eu.smtp2go.com, Port: 2525, Username: sterp
[2026-02-27 08:02:01] ERROR_NOTIFICATION: Attempting to send email via SMTP...
[2026-02-27 08:02:13] ERROR_NOTIFICATION: SUCCESS: Error notification sent successfully to Helpdesk@sautech.net
[2026-02-27 08:02:13] ERROR_NOTIFICATION: Email sent with subject: 'RCC-Carmen-DailyBackup'
[2026-02-27 08:02:13] ERROR_NOTIFICATION: === Error Notification Sent Successfully ===
[2026-03-01 11:38:01] ERROR_NOTIFICATION: === Error Notification Check ===
[2026-03-01 11:38:01] ERROR_NOTIFICATION: Received status: 'Error' (length: 5)
[2026-03-01 11:38:01] ERROR_NOTIFICATION: Status (lowercase, trimmed): 'error'
[2026-03-01 11:38:01] ERROR_NOTIFICATION: Status is ERROR or FAILED - proceeding with notification
[2026-03-01 11:38:01] ERROR_NOTIFICATION: Attempting to send error notification for status: 'Error', source: 'CLIENT', subject: 'RCC-Carmen-DailyBackup'
[2026-03-01 11:38:01] ERROR_NOTIFICATION: Loading PHPMailer library...
[2026-03-01 11:38:01] ERROR_NOTIFICATION: Base directory: /var/www/html/erp
[2026-03-01 11:38:01] ERROR_NOTIFICATION: Current __DIR__: /var/www/html/erp/modules/backup_monitoring/cron
[2026-03-01 11:38:01] ERROR_NOTIFICATION: Attempting to load PHPMailer directly...
[2026-03-01 11:38:01] ERROR_NOTIFICATION: Found PHPMailer.php at: /var/www/html/erp/vendor/phpmailer/phpmailer/src/PHPMailer.php
[2026-03-01 11:38:01] ERROR_NOTIFICATION: PHPMailer class loaded successfully via direct require
[2026-03-01 11:38:01] ERROR_NOTIFICATION: PHPMailer loaded successfully, creating PHPMailer instance...
[2026-03-01 11:38:01] ERROR_NOTIFICATION: PHPMailer instance created successfully
[2026-03-01 11:38:01] ERROR_NOTIFICATION: Configuring SMTP settings...
[2026-03-01 11:38:01] ERROR_NOTIFICATION: SMTP configured: Host=mail-eu.smtp2go.com, Port=2525, Username=sterp
[2026-03-01 11:38:01] ERROR_NOTIFICATION: Setting email from/to addresses...
[2026-03-01 11:38:01] ERROR_NOTIFICATION: Email addresses set: From=support@sautech.net, To=Helpdesk@sautech.net
[2026-03-01 11:38:01] ERROR_NOTIFICATION: Email prepared - Subject: 'RCC-Carmen-DailyBackup', Recipient: Helpdesk@sautech.net
[2026-03-01 11:38:01] ERROR_NOTIFICATION: Email body length: 10900 characters
[2026-03-01 11:38:01] ERROR_NOTIFICATION: SMTP Host: mail-eu.smtp2go.com, Port: 2525, Username: sterp
[2026-03-01 11:38:01] ERROR_NOTIFICATION: Attempting to send email via SMTP...
[2026-03-01 11:38:05] ERROR_NOTIFICATION: SUCCESS: Error notification sent successfully to Helpdesk@sautech.net
[2026-03-01 11:38:05] ERROR_NOTIFICATION: Email sent with subject: 'RCC-Carmen-DailyBackup'
[2026-03-01 11:38:05] ERROR_NOTIFICATION: === Error Notification Sent Successfully ===
[2026-03-02 07:04:02] ERROR_NOTIFICATION: === Error Notification Check ===
[2026-03-02 07:04:02] ERROR_NOTIFICATION: Received status: 'Error' (length: 5)
[2026-03-02 07:04:02] ERROR_NOTIFICATION: Status (lowercase, trimmed): 'error'
[2026-03-02 07:04:02] ERROR_NOTIFICATION: Status is ERROR or FAILED - proceeding with notification
[2026-03-02 07:04:02] ERROR_NOTIFICATION: Attempting to send error notification for status: 'Error', source: 'CLIENT', subject: '[Failed] RCC-Monique - Job RCC-Reception - Monday, 02 March 2026 09:01:50'
[2026-03-02 07:04:02] ERROR_NOTIFICATION: Loading PHPMailer library...
[2026-03-02 07:04:02] ERROR_NOTIFICATION: Base directory: /var/www/html/erp
[2026-03-02 07:04:02] ERROR_NOTIFICATION: Current __DIR__: /var/www/html/erp/modules/backup_monitoring/cron
[2026-03-02 07:04:02] ERROR_NOTIFICATION: Attempting to load PHPMailer directly...
[2026-03-02 07:04:02] ERROR_NOTIFICATION: Found PHPMailer.php at: /var/www/html/erp/vendor/phpmailer/phpmailer/src/PHPMailer.php
[2026-03-02 07:04:02] ERROR_NOTIFICATION: PHPMailer class loaded successfully via direct require
[2026-03-02 07:04:02] ERROR_NOTIFICATION: PHPMailer loaded successfully, creating PHPMailer instance...
[2026-03-02 07:04:02] ERROR_NOTIFICATION: PHPMailer instance created successfully
[2026-03-02 07:04:02] ERROR_NOTIFICATION: Configuring SMTP settings...
[2026-03-02 07:04:02] ERROR_NOTIFICATION: SMTP configured: Host=mail-eu.smtp2go.com, Port=2525, Username=sterp
[2026-03-02 07:04:02] ERROR_NOTIFICATION: Setting email from/to addresses...
[2026-03-02 07:04:02] ERROR_NOTIFICATION: Email addresses set: From=support@sautech.net, To=Helpdesk@sautech.net
[2026-03-02 07:04:02] ERROR_NOTIFICATION: Email prepared - Subject: '[Failed] RCC-Monique - Job RCC-Reception - Monday, 02 March 2026 09:01:50', Recipient: Helpdesk@sautech.net
[2026-03-02 07:04:02] ERROR_NOTIFICATION: Email body length: 10749 characters
[2026-03-02 07:04:02] ERROR_NOTIFICATION: SMTP Host: mail-eu.smtp2go.com, Port: 2525, Username: sterp
[2026-03-02 07:04:02] ERROR_NOTIFICATION: Attempting to send email via SMTP...
[2026-03-02 07:04:04] ERROR_NOTIFICATION: SUCCESS: Error notification sent successfully to Helpdesk@sautech.net
[2026-03-02 07:04:04] ERROR_NOTIFICATION: Email sent with subject: '[Failed] RCC-Monique - Job RCC-Reception - Monday, 02 March 2026 09:01:50'
[2026-03-02 07:04:04] ERROR_NOTIFICATION: === Error Notification Sent Successfully ===
[2026-03-02 08:15:02] ERROR_NOTIFICATION: === Error Notification Check ===
[2026-03-02 08:15:02] ERROR_NOTIFICATION: Received status: 'Error' (length: 5)
[2026-03-02 08:15:02] ERROR_NOTIFICATION: Status (lowercase, trimmed): 'error'
[2026-03-02 08:15:02] ERROR_NOTIFICATION: Status is ERROR or FAILED - proceeding with notification
[2026-03-02 08:15:02] ERROR_NOTIFICATION: Attempting to send error notification for status: 'Error', source: 'CLIENT', subject: 'RCC-Carmen-DailyBackup'
[2026-03-02 08:15:02] ERROR_NOTIFICATION: Loading PHPMailer library...
[2026-03-02 08:15:02] ERROR_NOTIFICATION: Base directory: /var/www/html/erp
[2026-03-02 08:15:02] ERROR_NOTIFICATION: Current __DIR__: /var/www/html/erp/modules/backup_monitoring/cron
[2026-03-02 08:15:02] ERROR_NOTIFICATION: Attempting to load PHPMailer directly...
[2026-03-02 08:15:02] ERROR_NOTIFICATION: Found PHPMailer.php at: /var/www/html/erp/vendor/phpmailer/phpmailer/src/PHPMailer.php
[2026-03-02 08:15:02] ERROR_NOTIFICATION: PHPMailer class loaded successfully via direct require
[2026-03-02 08:15:02] ERROR_NOTIFICATION: PHPMailer loaded successfully, creating PHPMailer instance...
[2026-03-02 08:15:02] ERROR_NOTIFICATION: PHPMailer instance created successfully
[2026-03-02 08:15:02] ERROR_NOTIFICATION: Configuring SMTP settings...
[2026-03-02 08:15:02] ERROR_NOTIFICATION: SMTP configured: Host=mail-eu.smtp2go.com, Port=2525, Username=sterp
[2026-03-02 08:15:02] ERROR_NOTIFICATION: Setting email from/to addresses...
[2026-03-02 08:15:02] ERROR_NOTIFICATION: Email addresses set: From=support@sautech.net, To=Helpdesk@sautech.net
[2026-03-02 08:15:02] ERROR_NOTIFICATION: Email prepared - Subject: 'RCC-Carmen-DailyBackup', Recipient: Helpdesk@sautech.net
[2026-03-02 08:15:02] ERROR_NOTIFICATION: Email body length: 10900 characters
[2026-03-02 08:15:02] ERROR_NOTIFICATION: SMTP Host: mail-eu.smtp2go.com, Port: 2525, Username: sterp
[2026-03-02 08:15:02] ERROR_NOTIFICATION: Attempting to send email via SMTP...
[2026-03-02 08:15:08] ERROR_NOTIFICATION: SUCCESS: Error notification sent successfully to Helpdesk@sautech.net
[2026-03-02 08:15:08] ERROR_NOTIFICATION: Email sent with subject: 'RCC-Carmen-DailyBackup'
[2026-03-02 08:15:08] ERROR_NOTIFICATION: === Error Notification Sent Successfully ===
[2026-03-03 06:32:02] ERROR_NOTIFICATION: === Error Notification Check ===
[2026-03-03 06:32:02] ERROR_NOTIFICATION: Received status: 'Error' (length: 5)
[2026-03-03 06:32:02] ERROR_NOTIFICATION: Status (lowercase, trimmed): 'error'
[2026-03-03 06:32:02] ERROR_NOTIFICATION: Status is ERROR or FAILED - proceeding with notification
[2026-03-03 06:32:02] ERROR_NOTIFICATION: Attempting to send error notification for status: 'Error', source: 'CLIENT', subject: '[Failed] RCC-Monique - Job RCC-Reception - Tuesday, 03 March 2026 08:30:49'
[2026-03-03 06:32:02] ERROR_NOTIFICATION: Loading PHPMailer library...
[2026-03-03 06:32:02] ERROR_NOTIFICATION: Base directory: /var/www/html/erp
[2026-03-03 06:32:02] ERROR_NOTIFICATION: Current __DIR__: /var/www/html/erp/modules/backup_monitoring/cron
[2026-03-03 06:32:02] ERROR_NOTIFICATION: Attempting to load PHPMailer directly...
[2026-03-03 06:32:02] ERROR_NOTIFICATION: Found PHPMailer.php at: /var/www/html/erp/vendor/phpmailer/phpmailer/src/PHPMailer.php
[2026-03-03 06:32:02] ERROR_NOTIFICATION: PHPMailer class loaded successfully via direct require
[2026-03-03 06:32:02] ERROR_NOTIFICATION: PHPMailer loaded successfully, creating PHPMailer instance...
[2026-03-03 06:32:02] ERROR_NOTIFICATION: PHPMailer instance created successfully
[2026-03-03 06:32:02] ERROR_NOTIFICATION: Configuring SMTP settings...
[2026-03-03 06:32:02] ERROR_NOTIFICATION: SMTP configured: Host=mail-eu.smtp2go.com, Port=2525, Username=sterp
[2026-03-03 06:32:02] ERROR_NOTIFICATION: Setting email from/to addresses...
[2026-03-03 06:32:02] ERROR_NOTIFICATION: Email addresses set: From=support@sautech.net, To=Helpdesk@sautech.net
[2026-03-03 06:32:02] ERROR_NOTIFICATION: Email prepared - Subject: '[Failed] RCC-Monique - Job RCC-Reception - Tuesday, 03 March 2026 08:30:49', Recipient: Helpdesk@sautech.net
[2026-03-03 06:32:02] ERROR_NOTIFICATION: Email body length: 10731 characters
[2026-03-03 06:32:02] ERROR_NOTIFICATION: SMTP Host: mail-eu.smtp2go.com, Port: 2525, Username: sterp
[2026-03-03 06:32:02] ERROR_NOTIFICATION: Attempting to send email via SMTP...
[2026-03-03 06:32:10] ERROR_NOTIFICATION: SUCCESS: Error notification sent successfully to Helpdesk@sautech.net
[2026-03-03 06:32:10] ERROR_NOTIFICATION: Email sent with subject: '[Failed] RCC-Monique - Job RCC-Reception - Tuesday, 03 March 2026 08:30:49'
[2026-03-03 06:32:10] ERROR_NOTIFICATION: === Error Notification Sent Successfully ===
[2026-03-03 07:19:02] ERROR_NOTIFICATION: === Error Notification Check ===
[2026-03-03 07:19:02] ERROR_NOTIFICATION: Received status: 'Error' (length: 5)
[2026-03-03 07:19:02] ERROR_NOTIFICATION: Status (lowercase, trimmed): 'error'
[2026-03-03 07:19:02] ERROR_NOTIFICATION: Status is ERROR or FAILED - proceeding with notification
[2026-03-03 07:19:02] ERROR_NOTIFICATION: Attempting to send error notification for status: 'Error', source: 'CLIENT', subject: '[Failed] RCC-Megan-HP2026 - Job RCC-Megan-HP2026 - Tuesday, 03 March 2026 09:17:12'
[2026-03-03 07:19:02] ERROR_NOTIFICATION: Loading PHPMailer library...
[2026-03-03 07:19:02] ERROR_NOTIFICATION: Base directory: /var/www/html/erp
[2026-03-03 07:19:02] ERROR_NOTIFICATION: Current __DIR__: /var/www/html/erp/modules/backup_monitoring/cron
[2026-03-03 07:19:02] ERROR_NOTIFICATION: Attempting to load PHPMailer directly...
[2026-03-03 07:19:02] ERROR_NOTIFICATION: Found PHPMailer.php at: /var/www/html/erp/vendor/phpmailer/phpmailer/src/PHPMailer.php
[2026-03-03 07:19:02] ERROR_NOTIFICATION: PHPMailer class loaded successfully via direct require
[2026-03-03 07:19:02] ERROR_NOTIFICATION: PHPMailer loaded successfully, creating PHPMailer instance...
[2026-03-03 07:19:02] ERROR_NOTIFICATION: PHPMailer instance created successfully
[2026-03-03 07:19:02] ERROR_NOTIFICATION: Configuring SMTP settings...
[2026-03-03 07:19:02] ERROR_NOTIFICATION: SMTP configured: Host=mail-eu.smtp2go.com, Port=2525, Username=sterp
[2026-03-03 07:19:02] ERROR_NOTIFICATION: Setting email from/to addresses...
[2026-03-03 07:19:02] ERROR_NOTIFICATION: Email addresses set: From=support@sautech.net, To=Helpdesk@sautech.net
[2026-03-03 07:19:02] ERROR_NOTIFICATION: Email prepared - Subject: '[Failed] RCC-Megan-HP2026 - Job RCC-Megan-HP2026 - Tuesday, 03 March 2026 09:17:12', Recipient: Helpdesk@sautech.net
[2026-03-03 07:19:02] ERROR_NOTIFICATION: Email body length: 10741 characters
[2026-03-03 07:19:02] ERROR_NOTIFICATION: SMTP Host: mail-eu.smtp2go.com, Port: 2525, Username: sterp
[2026-03-03 07:19:02] ERROR_NOTIFICATION: Attempting to send email via SMTP...
[2026-03-03 07:19:04] ERROR_NOTIFICATION: SUCCESS: Error notification sent successfully to Helpdesk@sautech.net
[2026-03-03 07:19:04] ERROR_NOTIFICATION: Email sent with subject: '[Failed] RCC-Megan-HP2026 - Job RCC-Megan-HP2026 - Tuesday, 03 March 2026 09:17:12'
[2026-03-03 07:19:04] ERROR_NOTIFICATION: === Error Notification Sent Successfully ===
[2026-03-03 08:02:01] ERROR_NOTIFICATION: === Error Notification Check ===
[2026-03-03 08:02:01] ERROR_NOTIFICATION: Received status: 'Error' (length: 5)
[2026-03-03 08:02:01] ERROR_NOTIFICATION: Status (lowercase, trimmed): 'error'
[2026-03-03 08:02:01] ERROR_NOTIFICATION: Status is ERROR or FAILED - proceeding with notification
[2026-03-03 08:02:01] ERROR_NOTIFICATION: Attempting to send error notification for status: 'Error', source: 'CLIENT', subject: 'RCC-Carmen-DailyBackup'
[2026-03-03 08:02:01] ERROR_NOTIFICATION: Loading PHPMailer library...
[2026-03-03 08:02:01] ERROR_NOTIFICATION: Base directory: /var/www/html/erp
[2026-03-03 08:02:01] ERROR_NOTIFICATION: Current __DIR__: /var/www/html/erp/modules/backup_monitoring/cron
[2026-03-03 08:02:01] ERROR_NOTIFICATION: Attempting to load PHPMailer directly...
[2026-03-03 08:02:01] ERROR_NOTIFICATION: Found PHPMailer.php at: /var/www/html/erp/vendor/phpmailer/phpmailer/src/PHPMailer.php
[2026-03-03 08:02:01] ERROR_NOTIFICATION: PHPMailer class loaded successfully via direct require
[2026-03-03 08:02:01] ERROR_NOTIFICATION: PHPMailer loaded successfully, creating PHPMailer instance...
[2026-03-03 08:02:01] ERROR_NOTIFICATION: PHPMailer instance created successfully
[2026-03-03 08:02:01] ERROR_NOTIFICATION: Configuring SMTP settings...
[2026-03-03 08:02:01] ERROR_NOTIFICATION: SMTP configured: Host=mail-eu.smtp2go.com, Port=2525, Username=sterp
[2026-03-03 08:02:01] ERROR_NOTIFICATION: Setting email from/to addresses...
[2026-03-03 08:02:01] ERROR_NOTIFICATION: Email addresses set: From=support@sautech.net, To=Helpdesk@sautech.net
[2026-03-03 08:02:01] ERROR_NOTIFICATION: Email prepared - Subject: 'RCC-Carmen-DailyBackup', Recipient: Helpdesk@sautech.net
[2026-03-03 08:02:01] ERROR_NOTIFICATION: Email body length: 10901 characters
[2026-03-03 08:02:01] ERROR_NOTIFICATION: SMTP Host: mail-eu.smtp2go.com, Port: 2525, Username: sterp
[2026-03-03 08:02:01] ERROR_NOTIFICATION: Attempting to send email via SMTP...
[2026-03-03 08:02:04] ERROR_NOTIFICATION: SUCCESS: Error notification sent successfully to Helpdesk@sautech.net
[2026-03-03 08:02:04] ERROR_NOTIFICATION: Email sent with subject: 'RCC-Carmen-DailyBackup'
[2026-03-03 08:02:04] ERROR_NOTIFICATION: === Error Notification Sent Successfully ===
[2026-03-03 08:03:02] ERROR_NOTIFICATION: === Error Notification Check ===
[2026-03-03 08:03:02] ERROR_NOTIFICATION: Received status: 'Error' (length: 5)
[2026-03-03 08:03:02] ERROR_NOTIFICATION: Status (lowercase, trimmed): 'error'
[2026-03-03 08:03:02] ERROR_NOTIFICATION: Status is ERROR or FAILED - proceeding with notification
[2026-03-03 08:03:02] ERROR_NOTIFICATION: Attempting to send error notification for status: 'Error', source: 'CLIENT', subject: '[Failed] RCC-Megan-HP2026 - Job RCC-Megan-HP2026 - Tuesday, 03 March 2026 10:01:08'
[2026-03-03 08:03:02] ERROR_NOTIFICATION: Loading PHPMailer library...
[2026-03-03 08:03:02] ERROR_NOTIFICATION: Base directory: /var/www/html/erp
[2026-03-03 08:03:02] ERROR_NOTIFICATION: Current __DIR__: /var/www/html/erp/modules/backup_monitoring/cron
[2026-03-03 08:03:02] ERROR_NOTIFICATION: Attempting to load PHPMailer directly...
[2026-03-03 08:03:02] ERROR_NOTIFICATION: Found PHPMailer.php at: /var/www/html/erp/vendor/phpmailer/phpmailer/src/PHPMailer.php
[2026-03-03 08:03:02] ERROR_NOTIFICATION: PHPMailer class loaded successfully via direct require
[2026-03-03 08:03:02] ERROR_NOTIFICATION: PHPMailer loaded successfully, creating PHPMailer instance...
[2026-03-03 08:03:02] ERROR_NOTIFICATION: PHPMailer instance created successfully
[2026-03-03 08:03:02] ERROR_NOTIFICATION: Configuring SMTP settings...
[2026-03-03 08:03:02] ERROR_NOTIFICATION: SMTP configured: Host=mail-eu.smtp2go.com, Port=2525, Username=sterp
[2026-03-03 08:03:02] ERROR_NOTIFICATION: Setting email from/to addresses...
[2026-03-03 08:03:02] ERROR_NOTIFICATION: Email addresses set: From=support@sautech.net, To=Helpdesk@sautech.net
[2026-03-03 08:03:02] ERROR_NOTIFICATION: Email prepared - Subject: '[Failed] RCC-Megan-HP2026 - Job RCC-Megan-HP2026 - Tuesday, 03 March 2026 10:01:08', Recipient: Helpdesk@sautech.net
[2026-03-03 08:03:02] ERROR_NOTIFICATION: Email body length: 10741 characters
[2026-03-03 08:03:02] ERROR_NOTIFICATION: SMTP Host: mail-eu.smtp2go.com, Port: 2525, Username: sterp
[2026-03-03 08:03:02] ERROR_NOTIFICATION: Attempting to send email via SMTP...
[2026-03-03 08:03:06] ERROR_NOTIFICATION: SUCCESS: Error notification sent successfully to Helpdesk@sautech.net
[2026-03-03 08:03:06] ERROR_NOTIFICATION: Email sent with subject: '[Failed] RCC-Megan-HP2026 - Job RCC-Megan-HP2026 - Tuesday, 03 March 2026 10:01:08'
[2026-03-03 08:03:06] ERROR_NOTIFICATION: === Error Notification Sent Successfully ===
[2026-03-03 10:34:01] ERROR_NOTIFICATION: === Error Notification Check ===
[2026-03-03 10:34:01] ERROR_NOTIFICATION: Received status: 'Error' (length: 5)
[2026-03-03 10:34:01] ERROR_NOTIFICATION: Status (lowercase, trimmed): 'error'
[2026-03-03 10:34:01] ERROR_NOTIFICATION: Status is ERROR or FAILED - proceeding with notification
[2026-03-03 10:34:01] ERROR_NOTIFICATION: Attempting to send error notification for status: 'Error', source: 'CLIENT', subject: '[Failed] RCC-Monique - Job RCC-Reception - Tuesday, 03 March 2026 12:32:49'
[2026-03-03 10:34:01] ERROR_NOTIFICATION: Loading PHPMailer library...
[2026-03-03 10:34:01] ERROR_NOTIFICATION: Base directory: /var/www/html/erp
[2026-03-03 10:34:01] ERROR_NOTIFICATION: Current __DIR__: /var/www/html/erp/modules/backup_monitoring/cron
[2026-03-03 10:34:01] ERROR_NOTIFICATION: Attempting to load PHPMailer directly...
[2026-03-03 10:34:01] ERROR_NOTIFICATION: Found PHPMailer.php at: /var/www/html/erp/vendor/phpmailer/phpmailer/src/PHPMailer.php
[2026-03-03 10:34:01] ERROR_NOTIFICATION: PHPMailer class loaded successfully via direct require
[2026-03-03 10:34:01] ERROR_NOTIFICATION: PHPMailer loaded successfully, creating PHPMailer instance...
[2026-03-03 10:34:01] ERROR_NOTIFICATION: PHPMailer instance created successfully
[2026-03-03 10:34:01] ERROR_NOTIFICATION: Configuring SMTP settings...
[2026-03-03 10:34:01] ERROR_NOTIFICATION: SMTP configured: Host=mail-eu.smtp2go.com, Port=2525, Username=sterp
[2026-03-03 10:34:01] ERROR_NOTIFICATION: Setting email from/to addresses...
[2026-03-03 10:34:01] ERROR_NOTIFICATION: Email addresses set: From=support@sautech.net, To=Helpdesk@sautech.net
[2026-03-03 10:34:01] ERROR_NOTIFICATION: Email prepared - Subject: '[Failed] RCC-Monique - Job RCC-Reception - Tuesday, 03 March 2026 12:32:49', Recipient: Helpdesk@sautech.net
[2026-03-03 10:34:01] ERROR_NOTIFICATION: Email body length: 11051 characters
[2026-03-03 10:34:01] ERROR_NOTIFICATION: SMTP Host: mail-eu.smtp2go.com, Port: 2525, Username: sterp
[2026-03-03 10:34:01] ERROR_NOTIFICATION: Attempting to send email via SMTP...
[2026-03-03 10:34:05] ERROR_NOTIFICATION: SUCCESS: Error notification sent successfully to Helpdesk@sautech.net
[2026-03-03 10:34:05] ERROR_NOTIFICATION: Email sent with subject: '[Failed] RCC-Monique - Job RCC-Reception - Tuesday, 03 March 2026 12:32:49'
[2026-03-03 10:34:05] ERROR_NOTIFICATION: === Error Notification Sent Successfully ===
[2026-03-03 11:39:02] ERROR_NOTIFICATION: === Error Notification Check ===
[2026-03-03 11:39:02] ERROR_NOTIFICATION: Received status: 'Error' (length: 5)
[2026-03-03 11:39:02] ERROR_NOTIFICATION: Status (lowercase, trimmed): 'error'
[2026-03-03 11:39:02] ERROR_NOTIFICATION: Status is ERROR or FAILED - proceeding with notification
[2026-03-03 11:39:02] ERROR_NOTIFICATION: Attempting to send error notification for status: 'Error', source: 'CLIENT', subject: '[Failed] MAINTENANCE - Ziska Laptop - Tuesday, 03 March 2026 13:37:24'
[2026-03-03 11:39:02] ERROR_NOTIFICATION: Loading PHPMailer library...
[2026-03-03 11:39:02] ERROR_NOTIFICATION: Base directory: /var/www/html/erp
[2026-03-03 11:39:02] ERROR_NOTIFICATION: Current __DIR__: /var/www/html/erp/modules/backup_monitoring/cron
[2026-03-03 11:39:02] ERROR_NOTIFICATION: Attempting to load PHPMailer directly...
[2026-03-03 11:39:02] ERROR_NOTIFICATION: Found PHPMailer.php at: /var/www/html/erp/vendor/phpmailer/phpmailer/src/PHPMailer.php
[2026-03-03 11:39:02] ERROR_NOTIFICATION: PHPMailer class loaded successfully via direct require
[2026-03-03 11:39:02] ERROR_NOTIFICATION: PHPMailer loaded successfully, creating PHPMailer instance...
[2026-03-03 11:39:02] ERROR_NOTIFICATION: PHPMailer instance created successfully
[2026-03-03 11:39:02] ERROR_NOTIFICATION: Configuring SMTP settings...
[2026-03-03 11:39:02] ERROR_NOTIFICATION: SMTP configured: Host=mail-eu.smtp2go.com, Port=2525, Username=sterp
[2026-03-03 11:39:02] ERROR_NOTIFICATION: Setting email from/to addresses...
[2026-03-03 11:39:02] ERROR_NOTIFICATION: Email addresses set: From=support@sautech.net, To=Helpdesk@sautech.net
[2026-03-03 11:39:02] ERROR_NOTIFICATION: Email prepared - Subject: '[Failed] MAINTENANCE - Ziska Laptop - Tuesday, 03 March 2026 13:37:24', Recipient: Helpdesk@sautech.net
[2026-03-03 11:39:02] ERROR_NOTIFICATION: Email body length: 21530 characters
[2026-03-03 11:39:02] ERROR_NOTIFICATION: SMTP Host: mail-eu.smtp2go.com, Port: 2525, Username: sterp
[2026-03-03 11:39:02] ERROR_NOTIFICATION: Attempting to send email via SMTP...
[2026-03-03 11:39:07] ERROR_NOTIFICATION: SUCCESS: Error notification sent successfully to Helpdesk@sautech.net
[2026-03-03 11:39:07] ERROR_NOTIFICATION: Email sent with subject: '[Failed] MAINTENANCE - Ziska Laptop - Tuesday, 03 March 2026 13:37:24'
[2026-03-03 11:39:07] ERROR_NOTIFICATION: === Error Notification Sent Successfully ===
[2026-03-03 12:39:01] ERROR_NOTIFICATION: === Error Notification Check ===
[2026-03-03 12:39:01] ERROR_NOTIFICATION: Received status: 'Error' (length: 5)
[2026-03-03 12:39:01] ERROR_NOTIFICATION: Status (lowercase, trimmed): 'error'
[2026-03-03 12:39:01] ERROR_NOTIFICATION: Status is ERROR or FAILED - proceeding with notification
[2026-03-03 12:39:01] ERROR_NOTIFICATION: Attempting to send error notification for status: 'Error', source: 'CLIENT', subject: '[Failed] MAINTENANCE - Ernie Laptop - Tuesday, 03 March 2026 14:36:59'
[2026-03-03 12:39:01] ERROR_NOTIFICATION: Loading PHPMailer library...
[2026-03-03 12:39:01] ERROR_NOTIFICATION: Base directory: /var/www/html/erp
[2026-03-03 12:39:01] ERROR_NOTIFICATION: Current __DIR__: /var/www/html/erp/modules/backup_monitoring/cron
[2026-03-03 12:39:01] ERROR_NOTIFICATION: Attempting to load PHPMailer directly...
[2026-03-03 12:39:01] ERROR_NOTIFICATION: Found PHPMailer.php at: /var/www/html/erp/vendor/phpmailer/phpmailer/src/PHPMailer.php
[2026-03-03 12:39:01] ERROR_NOTIFICATION: PHPMailer class loaded successfully via direct require
[2026-03-03 12:39:01] ERROR_NOTIFICATION: PHPMailer loaded successfully, creating PHPMailer instance...
[2026-03-03 12:39:01] ERROR_NOTIFICATION: PHPMailer instance created successfully
[2026-03-03 12:39:01] ERROR_NOTIFICATION: Configuring SMTP settings...
[2026-03-03 12:39:01] ERROR_NOTIFICATION: SMTP configured: Host=mail-eu.smtp2go.com, Port=2525, Username=sterp
[2026-03-03 12:39:01] ERROR_NOTIFICATION: Setting email from/to addresses...
[2026-03-03 12:39:01] ERROR_NOTIFICATION: Email addresses set: From=support@sautech.net, To=Helpdesk@sautech.net
[2026-03-03 12:39:01] ERROR_NOTIFICATION: Email prepared - Subject: '[Failed] MAINTENANCE - Ernie Laptop - Tuesday, 03 March 2026 14:36:59', Recipient: Helpdesk@sautech.net
[2026-03-03 12:39:01] ERROR_NOTIFICATION: Email body length: 10936 characters
[2026-03-03 12:39:01] ERROR_NOTIFICATION: SMTP Host: mail-eu.smtp2go.com, Port: 2525, Username: sterp
[2026-03-03 12:39:01] ERROR_NOTIFICATION: Attempting to send email via SMTP...
[2026-03-03 12:39:04] ERROR_NOTIFICATION: SUCCESS: Error notification sent successfully to Helpdesk@sautech.net
[2026-03-03 12:39:04] ERROR_NOTIFICATION: Email sent with subject: '[Failed] MAINTENANCE - Ernie Laptop - Tuesday, 03 March 2026 14:36:59'
[2026-03-03 12:39:04] ERROR_NOTIFICATION: === Error Notification Sent Successfully ===
[2026-03-03 14:16:07] ERROR_NOTIFICATION: === Error Notification Check ===
[2026-03-03 14:16:07] ERROR_NOTIFICATION: Received status: 'Error' (length: 5)
[2026-03-03 14:16:07] ERROR_NOTIFICATION: Status (lowercase, trimmed): 'error'
[2026-03-03 14:16:07] ERROR_NOTIFICATION: Status is ERROR or FAILED - proceeding with notification
[2026-03-03 14:16:07] ERROR_NOTIFICATION: Attempting to send error notification for status: 'Error', source: 'VEEAMCLOUD', subject: '[Failed] evolvelive - Job Evolvelive - Tuesday, 03 March 2026 16:14:09'
[2026-03-03 14:16:07] ERROR_NOTIFICATION: Loading PHPMailer library...
[2026-03-03 14:16:07] ERROR_NOTIFICATION: Base directory: /var/www/html/erp
[2026-03-03 14:16:07] ERROR_NOTIFICATION: Current __DIR__: /var/www/html/erp/modules/backup_monitoring/cron
[2026-03-03 14:16:07] ERROR_NOTIFICATION: Attempting to load PHPMailer directly...
[2026-03-03 14:16:07] ERROR_NOTIFICATION: Found PHPMailer.php at: /var/www/html/erp/vendor/phpmailer/phpmailer/src/PHPMailer.php
[2026-03-03 14:16:07] ERROR_NOTIFICATION: PHPMailer class loaded successfully via direct require
[2026-03-03 14:16:07] ERROR_NOTIFICATION: PHPMailer loaded successfully, creating PHPMailer instance...
[2026-03-03 14:16:07] ERROR_NOTIFICATION: PHPMailer instance created successfully
[2026-03-03 14:16:07] ERROR_NOTIFICATION: Configuring SMTP settings...
[2026-03-03 14:16:07] ERROR_NOTIFICATION: SMTP configured: Host=mail-eu.smtp2go.com, Port=2525, Username=sterp
[2026-03-03 14:16:07] ERROR_NOTIFICATION: Setting email from/to addresses...
[2026-03-03 14:16:07] ERROR_NOTIFICATION: Email addresses set: From=support@sautech.net, To=Helpdesk@sautech.net
[2026-03-03 14:16:07] ERROR_NOTIFICATION: Email prepared - Subject: '[Failed] evolvelive - Job Evolvelive - Tuesday, 03 March 2026 16:14:09', Recipient: Helpdesk@sautech.net
[2026-03-03 14:16:07] ERROR_NOTIFICATION: Email body length: 14651 characters
[2026-03-03 14:16:07] ERROR_NOTIFICATION: SMTP Host: mail-eu.smtp2go.com, Port: 2525, Username: sterp
[2026-03-03 14:16:07] ERROR_NOTIFICATION: Attempting to send email via SMTP...
[2026-03-03 14:16:09] ERROR_NOTIFICATION: SUCCESS: Error notification sent successfully to Helpdesk@sautech.net
[2026-03-03 14:16:09] ERROR_NOTIFICATION: Email sent with subject: '[Failed] evolvelive - Job Evolvelive - Tuesday, 03 March 2026 16:14:09'
[2026-03-03 14:16:09] ERROR_NOTIFICATION: === Error Notification Sent Successfully ===
[2026-03-04 09:29:01] ERROR_NOTIFICATION: === Error Notification Check ===
[2026-03-04 09:29:01] ERROR_NOTIFICATION: Received status: 'Error' (length: 5)
[2026-03-04 09:29:01] ERROR_NOTIFICATION: Status (lowercase, trimmed): 'error'
[2026-03-04 09:29:01] ERROR_NOTIFICATION: Status is ERROR or FAILED - proceeding with notification
[2026-03-04 09:29:01] ERROR_NOTIFICATION: Attempting to send error notification for status: 'Error', source: 'CLIENT', subject: 'RCC-Carmen-DailyBackup'
[2026-03-04 09:29:01] ERROR_NOTIFICATION: Loading PHPMailer library...
[2026-03-04 09:29:01] ERROR_NOTIFICATION: Base directory: /var/www/html/erp
[2026-03-04 09:29:01] ERROR_NOTIFICATION: Current __DIR__: /var/www/html/erp/modules/backup_monitoring/cron
[2026-03-04 09:29:01] ERROR_NOTIFICATION: Attempting to load PHPMailer directly...
[2026-03-04 09:29:01] ERROR_NOTIFICATION: Found PHPMailer.php at: /var/www/html/erp/vendor/phpmailer/phpmailer/src/PHPMailer.php
[2026-03-04 09:29:01] ERROR_NOTIFICATION: PHPMailer class loaded successfully via direct require
[2026-03-04 09:29:01] ERROR_NOTIFICATION: PHPMailer loaded successfully, creating PHPMailer instance...
[2026-03-04 09:29:01] ERROR_NOTIFICATION: PHPMailer instance created successfully
[2026-03-04 09:29:01] ERROR_NOTIFICATION: Configuring SMTP settings...
[2026-03-04 09:29:01] ERROR_NOTIFICATION: SMTP configured: Host=mail-eu.smtp2go.com, Port=2525, Username=sterp
[2026-03-04 09:29:01] ERROR_NOTIFICATION: Setting email from/to addresses...
[2026-03-04 09:29:01] ERROR_NOTIFICATION: Email addresses set: From=support@sautech.net, To=Helpdesk@sautech.net
[2026-03-04 09:29:01] ERROR_NOTIFICATION: Email prepared - Subject: 'RCC-Carmen-DailyBackup', Recipient: Helpdesk@sautech.net
[2026-03-04 09:29:01] ERROR_NOTIFICATION: Email body length: 11339 characters
[2026-03-04 09:29:01] ERROR_NOTIFICATION: SMTP Host: mail-eu.smtp2go.com, Port: 2525, Username: sterp
[2026-03-04 09:29:01] ERROR_NOTIFICATION: Attempting to send email via SMTP...
[2026-03-04 09:29:04] ERROR_NOTIFICATION: SUCCESS: Error notification sent successfully to Helpdesk@sautech.net
[2026-03-04 09:29:04] ERROR_NOTIFICATION: Email sent with subject: 'RCC-Carmen-DailyBackup'
[2026-03-04 09:29:04] ERROR_NOTIFICATION: === Error Notification Sent Successfully ===
[2026-03-05 11:07:02] ERROR_NOTIFICATION: === Error Notification Check ===
[2026-03-05 11:07:02] ERROR_NOTIFICATION: Received status: 'Error' (length: 5)
[2026-03-05 11:07:02] ERROR_NOTIFICATION: Status (lowercase, trimmed): 'error'
[2026-03-05 11:07:02] ERROR_NOTIFICATION: Status is ERROR or FAILED - proceeding with notification
[2026-03-05 11:07:02] ERROR_NOTIFICATION: Attempting to send error notification for status: 'Error', source: 'CLIENT', subject: '[Failed] RCC-Megan-HP2026 - Job RCC-Megan-HP2026 - Thursday, 05 March 2026 13:06:01'
[2026-03-05 11:07:02] ERROR_NOTIFICATION: Loading PHPMailer library...
[2026-03-05 11:07:02] ERROR_NOTIFICATION: Base directory: /var/www/html/erp
[2026-03-05 11:07:02] ERROR_NOTIFICATION: Current __DIR__: /var/www/html/erp/modules/backup_monitoring/cron
[2026-03-05 11:07:02] ERROR_NOTIFICATION: Attempting to load PHPMailer directly...
[2026-03-05 11:07:02] ERROR_NOTIFICATION: Found PHPMailer.php at: /var/www/html/erp/vendor/phpmailer/phpmailer/src/PHPMailer.php
[2026-03-05 11:07:02] ERROR_NOTIFICATION: PHPMailer class loaded successfully via direct require
[2026-03-05 11:07:02] ERROR_NOTIFICATION: PHPMailer loaded successfully, creating PHPMailer instance...
[2026-03-05 11:07:02] ERROR_NOTIFICATION: PHPMailer instance created successfully
[2026-03-05 11:07:02] ERROR_NOTIFICATION: Configuring SMTP settings...
[2026-03-05 11:07:02] ERROR_NOTIFICATION: SMTP configured: Host=mail-eu.smtp2go.com, Port=2525, Username=sterp
[2026-03-05 11:07:02] ERROR_NOTIFICATION: Setting email from/to addresses...
[2026-03-05 11:07:02] ERROR_NOTIFICATION: Email addresses set: From=support@sautech.net, To=Helpdesk@sautech.net
[2026-03-05 11:07:02] ERROR_NOTIFICATION: Email prepared - Subject: '[Failed] RCC-Megan-HP2026 - Job RCC-Megan-HP2026 - Thursday, 05 March 2026 13:06:01', Recipient: Helpdesk@sautech.net
[2026-03-05 11:07:02] ERROR_NOTIFICATION: Email body length: 10742 characters
[2026-03-05 11:07:02] ERROR_NOTIFICATION: SMTP Host: mail-eu.smtp2go.com, Port: 2525, Username: sterp
[2026-03-05 11:07:02] ERROR_NOTIFICATION: Attempting to send email via SMTP...
[2026-03-05 11:07:05] ERROR_NOTIFICATION: SUCCESS: Error notification sent successfully to Helpdesk@sautech.net
[2026-03-05 11:07:05] ERROR_NOTIFICATION: Email sent with subject: '[Failed] RCC-Megan-HP2026 - Job RCC-Megan-HP2026 - Thursday, 05 March 2026 13:06:01'
[2026-03-05 11:07:05] ERROR_NOTIFICATION: === Error Notification Sent Successfully ===
[2026-03-06 08:55:02] ERROR_NOTIFICATION: === Error Notification Check ===
[2026-03-06 08:55:02] ERROR_NOTIFICATION: Received status: 'Error' (length: 5)
[2026-03-06 08:55:02] ERROR_NOTIFICATION: Status (lowercase, trimmed): 'error'
[2026-03-06 08:55:02] ERROR_NOTIFICATION: Status is ERROR or FAILED - proceeding with notification
[2026-03-06 08:55:02] ERROR_NOTIFICATION: Attempting to send error notification for status: 'Error', source: 'CLIENT', subject: '[Failed] RCC-Megan-HP2026 - Job RCC-Megan-HP2026 - Friday, 06 March 2026 10:53:15'
[2026-03-06 08:55:02] ERROR_NOTIFICATION: Loading PHPMailer library...
[2026-03-06 08:55:02] ERROR_NOTIFICATION: Base directory: /var/www/html/erp
[2026-03-06 08:55:02] ERROR_NOTIFICATION: Current __DIR__: /var/www/html/erp/modules/backup_monitoring/cron
[2026-03-06 08:55:02] ERROR_NOTIFICATION: Attempting to load PHPMailer directly...
[2026-03-06 08:55:02] ERROR_NOTIFICATION: Found PHPMailer.php at: /var/www/html/erp/vendor/phpmailer/phpmailer/src/PHPMailer.php
[2026-03-06 08:55:02] ERROR_NOTIFICATION: PHPMailer class loaded successfully via direct require
[2026-03-06 08:55:02] ERROR_NOTIFICATION: PHPMailer loaded successfully, creating PHPMailer instance...
[2026-03-06 08:55:02] ERROR_NOTIFICATION: PHPMailer instance created successfully
[2026-03-06 08:55:02] ERROR_NOTIFICATION: Configuring SMTP settings...
[2026-03-06 08:55:02] ERROR_NOTIFICATION: SMTP configured: Host=mail-eu.smtp2go.com, Port=2525, Username=sterp
[2026-03-06 08:55:02] ERROR_NOTIFICATION: Setting email from/to addresses...
[2026-03-06 08:55:02] ERROR_NOTIFICATION: Email addresses set: From=support@sautech.net, To=Helpdesk@sautech.net
[2026-03-06 08:55:02] ERROR_NOTIFICATION: Email prepared - Subject: '[Failed] RCC-Megan-HP2026 - Job RCC-Megan-HP2026 - Friday, 06 March 2026 10:53:15', Recipient: Helpdesk@sautech.net
[2026-03-06 08:55:02] ERROR_NOTIFICATION: Email body length: 11057 characters
[2026-03-06 08:55:02] ERROR_NOTIFICATION: SMTP Host: mail-eu.smtp2go.com, Port: 2525, Username: sterp
[2026-03-06 08:55:02] ERROR_NOTIFICATION: Attempting to send email via SMTP...
[2026-03-06 08:55:04] ERROR_NOTIFICATION: SUCCESS: Error notification sent successfully to Helpdesk@sautech.net
[2026-03-06 08:55:04] ERROR_NOTIFICATION: Email sent with subject: '[Failed] RCC-Megan-HP2026 - Job RCC-Megan-HP2026 - Friday, 06 March 2026 10:53:15'
[2026-03-06 08:55:04] ERROR_NOTIFICATION: === Error Notification Sent Successfully ===
[2026-03-06 08:55:05] ERROR_NOTIFICATION: === Error Notification Check ===
[2026-03-06 08:55:05] ERROR_NOTIFICATION: Received status: 'Error' (length: 5)
[2026-03-06 08:55:05] ERROR_NOTIFICATION: Status (lowercase, trimmed): 'error'
[2026-03-06 08:55:05] ERROR_NOTIFICATION: Status is ERROR or FAILED - proceeding with notification
[2026-03-06 08:55:05] ERROR_NOTIFICATION: Attempting to send error notification for status: 'Error', source: 'CLIENT', subject: 'RCC-Carmen-DailyBackup'
[2026-03-06 08:55:05] ERROR_NOTIFICATION: Loading PHPMailer library...
[2026-03-06 08:55:05] ERROR_NOTIFICATION: Base directory: /var/www/html/erp
[2026-03-06 08:55:05] ERROR_NOTIFICATION: Current __DIR__: /var/www/html/erp/modules/backup_monitoring/cron
[2026-03-06 08:55:05] ERROR_NOTIFICATION: Attempting to load PHPMailer directly...
[2026-03-06 08:55:05] ERROR_NOTIFICATION: Found PHPMailer.php at: /var/www/html/erp/vendor/phpmailer/phpmailer/src/PHPMailer.php
[2026-03-06 08:55:05] ERROR_NOTIFICATION: PHPMailer class loaded successfully via direct require
[2026-03-06 08:55:05] ERROR_NOTIFICATION: PHPMailer loaded successfully, creating PHPMailer instance...
[2026-03-06 08:55:05] ERROR_NOTIFICATION: PHPMailer instance created successfully
[2026-03-06 08:55:05] ERROR_NOTIFICATION: Configuring SMTP settings...
[2026-03-06 08:55:05] ERROR_NOTIFICATION: SMTP configured: Host=mail-eu.smtp2go.com, Port=2525, Username=sterp
[2026-03-06 08:55:05] ERROR_NOTIFICATION: Setting email from/to addresses...
[2026-03-06 08:55:05] ERROR_NOTIFICATION: Email addresses set: From=support@sautech.net, To=Helpdesk@sautech.net
[2026-03-06 08:55:05] ERROR_NOTIFICATION: Email prepared - Subject: 'RCC-Carmen-DailyBackup', Recipient: Helpdesk@sautech.net
[2026-03-06 08:55:05] ERROR_NOTIFICATION: Email body length: 10967 characters
[2026-03-06 08:55:05] ERROR_NOTIFICATION: SMTP Host: mail-eu.smtp2go.com, Port: 2525, Username: sterp
[2026-03-06 08:55:05] ERROR_NOTIFICATION: Attempting to send email via SMTP...
[2026-03-06 08:55:07] ERROR_NOTIFICATION: SUCCESS: Error notification sent successfully to Helpdesk@sautech.net
[2026-03-06 08:55:07] ERROR_NOTIFICATION: Email sent with subject: 'RCC-Carmen-DailyBackup'
[2026-03-06 08:55:07] ERROR_NOTIFICATION: === Error Notification Sent Successfully ===
[2026-03-06 09:30:02] ERROR_NOTIFICATION: === Error Notification Check ===
[2026-03-06 09:30:02] ERROR_NOTIFICATION: Received status: 'Error' (length: 5)
[2026-03-06 09:30:02] ERROR_NOTIFICATION: Status (lowercase, trimmed): 'error'
[2026-03-06 09:30:02] ERROR_NOTIFICATION: Status is ERROR or FAILED - proceeding with notification
[2026-03-06 09:30:02] ERROR_NOTIFICATION: Attempting to send error notification for status: 'Error', source: 'CLIENT', subject: '[Failed] MAINTENANCE - Ernie Laptop - Friday, 06 March 2026 11:28:47'
[2026-03-06 09:30:02] ERROR_NOTIFICATION: Loading PHPMailer library...
[2026-03-06 09:30:02] ERROR_NOTIFICATION: Base directory: /var/www/html/erp
[2026-03-06 09:30:02] ERROR_NOTIFICATION: Current __DIR__: /var/www/html/erp/modules/backup_monitoring/cron
[2026-03-06 09:30:02] ERROR_NOTIFICATION: Attempting to load PHPMailer directly...
[2026-03-06 09:30:02] ERROR_NOTIFICATION: Found PHPMailer.php at: /var/www/html/erp/vendor/phpmailer/phpmailer/src/PHPMailer.php
[2026-03-06 09:30:02] ERROR_NOTIFICATION: PHPMailer class loaded successfully via direct require
[2026-03-06 09:30:02] ERROR_NOTIFICATION: PHPMailer loaded successfully, creating PHPMailer instance...
[2026-03-06 09:30:02] ERROR_NOTIFICATION: PHPMailer instance created successfully
[2026-03-06 09:30:02] ERROR_NOTIFICATION: Configuring SMTP settings...
[2026-03-06 09:30:02] ERROR_NOTIFICATION: SMTP configured: Host=mail-eu.smtp2go.com, Port=2525, Username=sterp
[2026-03-06 09:30:02] ERROR_NOTIFICATION: Setting email from/to addresses...
[2026-03-06 09:30:02] ERROR_NOTIFICATION: Email addresses set: From=support@sautech.net, To=Helpdesk@sautech.net
[2026-03-06 09:30:02] ERROR_NOTIFICATION: Email prepared - Subject: '[Failed] MAINTENANCE - Ernie Laptop - Friday, 06 March 2026 11:28:47', Recipient: Helpdesk@sautech.net
[2026-03-06 09:30:02] ERROR_NOTIFICATION: Email body length: 10966 characters
[2026-03-06 09:30:02] ERROR_NOTIFICATION: SMTP Host: mail-eu.smtp2go.com, Port: 2525, Username: sterp
[2026-03-06 09:30:02] ERROR_NOTIFICATION: Attempting to send email via SMTP...
[2026-03-06 09:30:05] ERROR_NOTIFICATION: SUCCESS: Error notification sent successfully to Helpdesk@sautech.net
[2026-03-06 09:30:05] ERROR_NOTIFICATION: Email sent with subject: '[Failed] MAINTENANCE - Ernie Laptop - Friday, 06 March 2026 11:28:47'
[2026-03-06 09:30:05] ERROR_NOTIFICATION: === Error Notification Sent Successfully ===
[2026-03-07 16:58:01] ERROR_NOTIFICATION: === Error Notification Check ===
[2026-03-07 16:58:01] ERROR_NOTIFICATION: Received status: 'Error' (length: 5)
[2026-03-07 16:58:01] ERROR_NOTIFICATION: Status (lowercase, trimmed): 'error'
[2026-03-07 16:58:01] ERROR_NOTIFICATION: Status is ERROR or FAILED - proceeding with notification
[2026-03-07 16:58:01] ERROR_NOTIFICATION: Attempting to send error notification for status: 'Error', source: 'CLIENT', subject: 'RCC-Carmen-DailyBackup'
[2026-03-07 16:58:01] ERROR_NOTIFICATION: Loading PHPMailer library...
[2026-03-07 16:58:01] ERROR_NOTIFICATION: Base directory: /var/www/html/erp
[2026-03-07 16:58:01] ERROR_NOTIFICATION: Current __DIR__: /var/www/html/erp/modules/backup_monitoring/cron
[2026-03-07 16:58:01] ERROR_NOTIFICATION: Attempting to load PHPMailer directly...
[2026-03-07 16:58:01] ERROR_NOTIFICATION: Found PHPMailer.php at: /var/www/html/erp/vendor/phpmailer/phpmailer/src/PHPMailer.php
[2026-03-07 16:58:01] ERROR_NOTIFICATION: PHPMailer class loaded successfully via direct require
[2026-03-07 16:58:01] ERROR_NOTIFICATION: PHPMailer loaded successfully, creating PHPMailer instance...
[2026-03-07 16:58:01] ERROR_NOTIFICATION: PHPMailer instance created successfully
[2026-03-07 16:58:01] ERROR_NOTIFICATION: Configuring SMTP settings...
[2026-03-07 16:58:01] ERROR_NOTIFICATION: SMTP configured: Host=mail-eu.smtp2go.com, Port=2525, Username=sterp
[2026-03-07 16:58:01] ERROR_NOTIFICATION: Setting email from/to addresses...
[2026-03-07 16:58:01] ERROR_NOTIFICATION: Email addresses set: From=support@sautech.net, To=Helpdesk@sautech.net
[2026-03-07 16:58:01] ERROR_NOTIFICATION: Email prepared - Subject: 'RCC-Carmen-DailyBackup', Recipient: Helpdesk@sautech.net
[2026-03-07 16:58:01] ERROR_NOTIFICATION: Email body length: 10902 characters
[2026-03-07 16:58:01] ERROR_NOTIFICATION: SMTP Host: mail-eu.smtp2go.com, Port: 2525, Username: sterp
[2026-03-07 16:58:01] ERROR_NOTIFICATION: Attempting to send email via SMTP...
[2026-03-07 16:58:04] ERROR_NOTIFICATION: SUCCESS: Error notification sent successfully to Helpdesk@sautech.net
[2026-03-07 16:58:04] ERROR_NOTIFICATION: Email sent with subject: 'RCC-Carmen-DailyBackup'
[2026-03-07 16:58:04] ERROR_NOTIFICATION: === Error Notification Sent Successfully ===
[2026-03-08 08:02:02] ERROR_NOTIFICATION: === Error Notification Check ===
[2026-03-08 08:02:02] ERROR_NOTIFICATION: Received status: 'Error' (length: 5)
[2026-03-08 08:02:02] ERROR_NOTIFICATION: Status (lowercase, trimmed): 'error'
[2026-03-08 08:02:02] ERROR_NOTIFICATION: Status is ERROR or FAILED - proceeding with notification
[2026-03-08 08:02:02] ERROR_NOTIFICATION: Attempting to send error notification for status: 'Error', source: 'CLIENT', subject: 'RCC-Carmen-DailyBackup'
[2026-03-08 08:02:02] ERROR_NOTIFICATION: Loading PHPMailer library...
[2026-03-08 08:02:02] ERROR_NOTIFICATION: Base directory: /var/www/html/erp
[2026-03-08 08:02:02] ERROR_NOTIFICATION: Current __DIR__: /var/www/html/erp/modules/backup_monitoring/cron
[2026-03-08 08:02:02] ERROR_NOTIFICATION: Attempting to load PHPMailer directly...
[2026-03-08 08:02:02] ERROR_NOTIFICATION: Found PHPMailer.php at: /var/www/html/erp/vendor/phpmailer/phpmailer/src/PHPMailer.php
[2026-03-08 08:02:02] ERROR_NOTIFICATION: PHPMailer class loaded successfully via direct require
[2026-03-08 08:02:02] ERROR_NOTIFICATION: PHPMailer loaded successfully, creating PHPMailer instance...
[2026-03-08 08:02:02] ERROR_NOTIFICATION: PHPMailer instance created successfully
[2026-03-08 08:02:02] ERROR_NOTIFICATION: Configuring SMTP settings...
[2026-03-08 08:02:02] ERROR_NOTIFICATION: SMTP configured: Host=mail-eu.smtp2go.com, Port=2525, Username=sterp
[2026-03-08 08:02:02] ERROR_NOTIFICATION: Setting email from/to addresses...
[2026-03-08 08:02:02] ERROR_NOTIFICATION: Email addresses set: From=support@sautech.net, To=Helpdesk@sautech.net
[2026-03-08 08:02:02] ERROR_NOTIFICATION: Email prepared - Subject: 'RCC-Carmen-DailyBackup', Recipient: Helpdesk@sautech.net
[2026-03-08 08:02:02] ERROR_NOTIFICATION: Email body length: 10900 characters
[2026-03-08 08:02:02] ERROR_NOTIFICATION: SMTP Host: mail-eu.smtp2go.com, Port: 2525, Username: sterp
[2026-03-08 08:02:02] ERROR_NOTIFICATION: Attempting to send email via SMTP...
[2026-03-08 08:02:04] ERROR_NOTIFICATION: SUCCESS: Error notification sent successfully to Helpdesk@sautech.net
[2026-03-08 08:02:04] ERROR_NOTIFICATION: Email sent with subject: 'RCC-Carmen-DailyBackup'
[2026-03-08 08:02:04] ERROR_NOTIFICATION: === Error Notification Sent Successfully ===
[2026-03-09 05:56:01] ERROR_NOTIFICATION: === Error Notification Check ===
[2026-03-09 05:56:01] ERROR_NOTIFICATION: Received status: 'Error' (length: 5)
[2026-03-09 05:56:01] ERROR_NOTIFICATION: Status (lowercase, trimmed): 'error'
[2026-03-09 05:56:01] ERROR_NOTIFICATION: Status is ERROR or FAILED - proceeding with notification
[2026-03-09 05:56:01] ERROR_NOTIFICATION: Attempting to send error notification for status: 'Error', source: 'CLIENT', subject: '[Failed] RCC-Megan-HP2026 - Job RCC-Megan-HP2026 - Monday, 09 March 2026 07:54:14'
[2026-03-09 05:56:01] ERROR_NOTIFICATION: Loading PHPMailer library...
[2026-03-09 05:56:01] ERROR_NOTIFICATION: Base directory: /var/www/html/erp
[2026-03-09 05:56:01] ERROR_NOTIFICATION: Current __DIR__: /var/www/html/erp/modules/backup_monitoring/cron
[2026-03-09 05:56:01] ERROR_NOTIFICATION: Attempting to load PHPMailer directly...
[2026-03-09 05:56:01] ERROR_NOTIFICATION: Found PHPMailer.php at: /var/www/html/erp/vendor/phpmailer/phpmailer/src/PHPMailer.php
[2026-03-09 05:56:01] ERROR_NOTIFICATION: PHPMailer class loaded successfully via direct require
[2026-03-09 05:56:01] ERROR_NOTIFICATION: PHPMailer loaded successfully, creating PHPMailer instance...
[2026-03-09 05:56:01] ERROR_NOTIFICATION: PHPMailer instance created successfully
[2026-03-09 05:56:01] ERROR_NOTIFICATION: Configuring SMTP settings...
[2026-03-09 05:56:01] ERROR_NOTIFICATION: SMTP configured: Host=mail-eu.smtp2go.com, Port=2525, Username=sterp
[2026-03-09 05:56:01] ERROR_NOTIFICATION: Setting email from/to addresses...
[2026-03-09 05:56:01] ERROR_NOTIFICATION: Email addresses set: From=support@sautech.net, To=Helpdesk@sautech.net
[2026-03-09 05:56:01] ERROR_NOTIFICATION: Email prepared - Subject: '[Failed] RCC-Megan-HP2026 - Job RCC-Megan-HP2026 - Monday, 09 March 2026 07:54:14', Recipient: Helpdesk@sautech.net
[2026-03-09 05:56:01] ERROR_NOTIFICATION: Email body length: 11341 characters
[2026-03-09 05:56:01] ERROR_NOTIFICATION: SMTP Host: mail-eu.smtp2go.com, Port: 2525, Username: sterp
[2026-03-09 05:56:01] ERROR_NOTIFICATION: Attempting to send email via SMTP...
[2026-03-09 05:56:04] ERROR_NOTIFICATION: SUCCESS: Error notification sent successfully to Helpdesk@sautech.net
[2026-03-09 05:56:04] ERROR_NOTIFICATION: Email sent with subject: '[Failed] RCC-Megan-HP2026 - Job RCC-Megan-HP2026 - Monday, 09 March 2026 07:54:14'
[2026-03-09 05:56:04] ERROR_NOTIFICATION: === Error Notification Sent Successfully ===
[2026-03-09 05:57:02] ERROR_NOTIFICATION: === Error Notification Check ===
[2026-03-09 05:57:02] ERROR_NOTIFICATION: Received status: 'Error' (length: 5)
[2026-03-09 05:57:02] ERROR_NOTIFICATION: Status (lowercase, trimmed): 'error'
[2026-03-09 05:57:02] ERROR_NOTIFICATION: Status is ERROR or FAILED - proceeding with notification
[2026-03-09 05:57:02] ERROR_NOTIFICATION: Attempting to send error notification for status: 'Error', source: 'CLIENT', subject: '[Failed] RCC-Megan-HP2026 - Job RCC-Megan-HP2026 - Monday, 09 March 2026 07:56:03'
[2026-03-09 05:57:02] ERROR_NOTIFICATION: Loading PHPMailer library...
[2026-03-09 05:57:02] ERROR_NOTIFICATION: Base directory: /var/www/html/erp
[2026-03-09 05:57:02] ERROR_NOTIFICATION: Current __DIR__: /var/www/html/erp/modules/backup_monitoring/cron
[2026-03-09 05:57:02] ERROR_NOTIFICATION: Attempting to load PHPMailer directly...
[2026-03-09 05:57:02] ERROR_NOTIFICATION: Found PHPMailer.php at: /var/www/html/erp/vendor/phpmailer/phpmailer/src/PHPMailer.php
[2026-03-09 05:57:02] ERROR_NOTIFICATION: PHPMailer class loaded successfully via direct require
[2026-03-09 05:57:02] ERROR_NOTIFICATION: PHPMailer loaded successfully, creating PHPMailer instance...
[2026-03-09 05:57:02] ERROR_NOTIFICATION: PHPMailer instance created successfully
[2026-03-09 05:57:02] ERROR_NOTIFICATION: Configuring SMTP settings...
[2026-03-09 05:57:02] ERROR_NOTIFICATION: SMTP configured: Host=mail-eu.smtp2go.com, Port=2525, Username=sterp
[2026-03-09 05:57:02] ERROR_NOTIFICATION: Setting email from/to addresses...
[2026-03-09 05:57:02] ERROR_NOTIFICATION: Email addresses set: From=support@sautech.net, To=Helpdesk@sautech.net
[2026-03-09 05:57:02] ERROR_NOTIFICATION: Email prepared - Subject: '[Failed] RCC-Megan-HP2026 - Job RCC-Megan-HP2026 - Monday, 09 March 2026 07:56:03', Recipient: Helpdesk@sautech.net
[2026-03-09 05:57:02] ERROR_NOTIFICATION: Email body length: 10740 characters
[2026-03-09 05:57:02] ERROR_NOTIFICATION: SMTP Host: mail-eu.smtp2go.com, Port: 2525, Username: sterp
[2026-03-09 05:57:02] ERROR_NOTIFICATION: Attempting to send email via SMTP...
[2026-03-09 05:57:04] ERROR_NOTIFICATION: SUCCESS: Error notification sent successfully to Helpdesk@sautech.net
[2026-03-09 05:57:04] ERROR_NOTIFICATION: Email sent with subject: '[Failed] RCC-Megan-HP2026 - Job RCC-Megan-HP2026 - Monday, 09 March 2026 07:56:03'
[2026-03-09 05:57:04] ERROR_NOTIFICATION: === Error Notification Sent Successfully ===
